            ; Clear all 16 logical sprite slots before user initialization
4000  A2 00       LDX #$00
4002        sprite_mux_init_loop:
4002  A9 00       LDA #$00
4004  9D 05 C5    STA $C505,X
4007  9D 00 C4    STA $C400,X
400A  9D 01 C4    STA $C401,X
400D  9D 02 C4    STA $C402,X
4010  9D 03 C4    STA $C403,X
4013  9D 04 C4    STA $C404,X
4016  9D 05 C4    STA $C405,X
4019  9D 06 C4    STA $C406,X
401C  8A          TXA
401D  18          CLC
401E  69 08       ADC #$08
4020  AA          TAX
4021  E0 80       CPX #$80
4023  D0 DD       BNE sprite_mux_init_loop
4025  A9 01       LDA #$01
4027  8D 86 02    STA $0286
402A  A2 00       LDX #$00
402C        copydata_2800_sprite_frames_platformerActors_0_63_0:
402C  BD 9C 66    LDA sprite_frames_platformerActors_0,X
402F  9D 00 28    STA $2800,X
4032  E8          INX
4033  E0 3F       CPX #$3F
4035  D0 F5       BNE copydata_2800_sprite_frames_platformerActors_0_63_0
4037  A9 00       LDA #$00
4039  8D 3F 28    STA $283F
403C  A2 00       LDX #$00
403E        copydata_2840_sprite_frames_platformerActors_1_63_1:
403E  BD DB 66    LDA sprite_frames_platformerActors_1,X
4041  9D 40 28    STA $2840,X
4044  E8          INX
4045  E0 3F       CPX #$3F
4047  D0 F5       BNE copydata_2840_sprite_frames_platformerActors_1_63_1
4049  A9 00       LDA #$00
404B  8D 7F 28    STA $287F
404E  A2 00       LDX #$00
4050        copydata_2880_sprite_frames_platformerEnemy_0_63_2:
4050  BD 1A 67    LDA sprite_frames_platformerEnemy_0,X
4053  9D 80 28    STA $2880,X
4056  E8          INX
4057  E0 3F       CPX #$3F
4059  D0 F5       BNE copydata_2880_sprite_frames_platformerEnemy_0_63_2
405B  A9 00       LDA #$00
405D  8D BF 28    STA $28BF
4060  A2 00       LDX #$00
4062        copydata_28c0_sprite_frames_platformerCoin_0_63_3:
4062  BD 59 67    LDA sprite_frames_platformerCoin_0,X
4065  9D C0 28    STA $28C0,X
4068  E8          INX
4069  E0 3F       CPX #$3F
406B  D0 F5       BNE copydata_28c0_sprite_frames_platformerCoin_0_63_3
406D  A9 00       LDA #$00
406F  8D FF 28    STA $28FF
4072  A2 00       LDX #$00
4074  A0 00       LDY #$00
4076        asset_map_initial_rle_2:
4076  BD A7 67    LDA asset_rle_1,X
4079  8D 77 C7    STA $C777
407C  E8          INX
407D  BD A7 67    LDA asset_rle_1,X
4080  E8          INX
4081        asset_map_initial_rle_2_repeat:
4081  99 00 80    STA $8000,Y
4084  C8          INY
4085  CE 77 C7    DEC $C777
4088  D0 F7       BNE asset_map_initial_rle_2_repeat
408A  E0 04       CPX #$04
408C  D0 E8       BNE asset_map_initial_rle_2
408E  A2 00       LDX #$00
4090  A0 00       LDY #$00
4092        asset_map_initial_rle_4:
4092  BD AB 67    LDA asset_rle_3,X
4095  8D 77 C7    STA $C777
4098  E8          INX
4099  BD AB 67    LDA asset_rle_3,X
409C  E8          INX
409D        asset_map_initial_rle_4_repeat:
409D  99 00 81    STA $8100,Y
40A0  C8          INY
40A1  CE 77 C7    DEC $C777
40A4  D0 F7       BNE asset_map_initial_rle_4_repeat
40A6  E0 06       CPX #$06
40A8  D0 E8       BNE asset_map_initial_rle_4
40AA  A2 00       LDX #$00
40AC  A0 00       LDY #$00
40AE        asset_map_initial_rle_6:
40AE  BD B1 67    LDA asset_rle_5,X
40B1  8D 77 C7    STA $C777
40B4  E8          INX
40B5  BD B1 67    LDA asset_rle_5,X
40B8  E8          INX
40B9        asset_map_initial_rle_6_repeat:
40B9  99 00 82    STA $8200,Y
40BC  C8          INY
40BD  CE 77 C7    DEC $C777
40C0  D0 F7       BNE asset_map_initial_rle_6_repeat
40C2  E0 0A       CPX #$0A
40C4  D0 E8       BNE asset_map_initial_rle_6
40C6  A2 00       LDX #$00
40C8  A0 00       LDY #$00
40CA        asset_map_initial_rle_8:
40CA  BD BB 67    LDA asset_rle_7,X
40CD  8D 77 C7    STA $C777
40D0  E8          INX
40D1  BD BB 67    LDA asset_rle_7,X
40D4  E8          INX
40D5        asset_map_initial_rle_8_repeat:
40D5  99 00 83    STA $8300,Y
40D8  C8          INY
40D9  CE 77 C7    DEC $C777
40DC  D0 F7       BNE asset_map_initial_rle_8_repeat
40DE  E0 0E       CPX #$0E
40E0  D0 E8       BNE asset_map_initial_rle_8
40E2  A2 00       LDX #$00
40E4  A0 00       LDY #$00
40E6        asset_map_initial_rle_10:
40E6  BD C9 67    LDA asset_rle_9,X
40E9  8D 77 C7    STA $C777
40EC  E8          INX
40ED  BD C9 67    LDA asset_rle_9,X
40F0  E8          INX
40F1        asset_map_initial_rle_10_repeat:
40F1  99 00 84    STA $8400,Y
40F4  C8          INY
40F5  CE 77 C7    DEC $C777
40F8  D0 F7       BNE asset_map_initial_rle_10_repeat
40FA  E0 12       CPX #$12
40FC  D0 E8       BNE asset_map_initial_rle_10
40FE  A2 00       LDX #$00
4100  A0 00       LDY #$00
4102        asset_map_initial_rle_12:
4102  BD DB 67    LDA asset_rle_11,X
4105  8D 77 C7    STA $C777
4108  E8          INX
4109  BD DB 67    LDA asset_rle_11,X
410C  E8          INX
410D        asset_map_initial_rle_12_repeat:
410D  99 00 85    STA $8500,Y
4110  C8          INY
4111  CE 77 C7    DEC $C777
4114  D0 F7       BNE asset_map_initial_rle_12_repeat
4116  E0 1E       CPX #$1E
4118  D0 E8       BNE asset_map_initial_rle_12
411A  A2 00       LDX #$00
411C  A0 00       LDY #$00
411E        asset_map_initial_rle_14:
411E  BD F9 67    LDA asset_rle_13,X
4121  8D 77 C7    STA $C777
4124  E8          INX
4125  BD F9 67    LDA asset_rle_13,X
4128  E8          INX
4129        asset_map_initial_rle_14_repeat:
4129  99 00 86    STA $8600,Y
412C  C8          INY
412D  CE 77 C7    DEC $C777
4130  D0 F7       BNE asset_map_initial_rle_14_repeat
4132  E0 16       CPX #$16
4134  D0 E8       BNE asset_map_initial_rle_14
4136  A2 00       LDX #$00
4138  A0 00       LDY #$00
413A        asset_map_initial_rle_15:
413A  BD A7 67    LDA asset_rle_1,X
413D  8D 77 C7    STA $C777
4140  E8          INX
4141  BD A7 67    LDA asset_rle_1,X
4144  E8          INX
4145        asset_map_initial_rle_15_repeat:
4145  99 00 87    STA $8700,Y
4148  C8          INY
4149  CE 77 C7    DEC $C777
414C  D0 F7       BNE asset_map_initial_rle_15_repeat
414E  E0 04       CPX #$04
4150  D0 E8       BNE asset_map_initial_rle_15
4152  A2 00       LDX #$00
4154  A0 00       LDY #$00
4156        asset_map_initial_rle_16:
4156  BD A7 67    LDA asset_rle_1,X
4159  8D 77 C7    STA $C777
415C  E8          INX
415D  BD A7 67    LDA asset_rle_1,X
4160  E8          INX
4161        asset_map_initial_rle_16_repeat:
4161  99 00 88    STA $8800,Y
4164  C8          INY
4165  CE 77 C7    DEC $C777
4168  D0 F7       BNE asset_map_initial_rle_16_repeat
416A  E0 04       CPX #$04
416C  D0 E8       BNE asset_map_initial_rle_16
416E  A2 00       LDX #$00
4170  A0 00       LDY #$00
4172        asset_map_initial_rle_18:
4172  BD 0F 68    LDA asset_rle_17,X
4175  8D 77 C7    STA $C777
4178  E8          INX
4179  BD 0F 68    LDA asset_rle_17,X
417C  E8          INX
417D        asset_map_initial_rle_18_repeat:
417D  99 00 89    STA $8900,Y
4180  C8          INY
4181  CE 77 C7    DEC $C777
4184  D0 F7       BNE asset_map_initial_rle_18_repeat
4186  E0 02       CPX #$02
4188  D0 E8       BNE asset_map_initial_rle_18
418A  A9 00       LDA #$00
418C  8D 00 C5    STA $C500
418F  A9 00       LDA #$00
4191  8D 01 C5    STA $C501
4194  A9 00       LDA #$00
4196  8D 02 C5    STA $C502
4199  A9 00       LDA #$00
419B  8D 03 C5    STA $C503
419E  A9 00       LDA #$00
41A0  8D 04 C5    STA $C504
41A3  A9 00       LDA #$00
41A5  8D 05 C5    STA $C505
41A8  A9 01       LDA #$01
41AA  8D 05 C4    STA $C405
41AD  A9 A0       LDA #$A0
41AF  8D 04 C4    STA $C404
41B2  A9 07       LDA #$07
41B4  8D 05 C4    STA $C405
41B7  AD 06 C4    LDA $C406
41BA  29 FE       AND #$FE
41BC  8D 06 C4    STA $C406
41BF  AD 00 C4    LDA $C400
41C2  C9 00       CMP #$00
41C4  D0 05       BNE sprite_play_start_0_0_4
41C6  AD 03 C4    LDA $C403
41C9  D0 1A       BNE sprite_play_done_0_0_5
41CB        sprite_play_start_0_0_4:
41CB  A9 00       LDA #$00
41CD  8D 00 C4    STA $C400
41D0  A9 00       LDA #$00
41D2  8D 01 C4    STA $C401
41D5  A9 00       LDA #$00
41D7  8D 02 C4    STA $C402
41DA  A9 01       LDA #$01
41DC  8D 03 C4    STA $C403
41DF  AD 11 68    LDA sprite_sequence_0_idle-right
41E2  8D 04 C4    STA $C404
41E5        sprite_play_done_0_0_5:
41E5  A9 18       LDA #$18
41E7  8D 04 C1    STA $C104
41EA  A9 00       LDA #$00
41EC  8D 05 C1    STA $C105
41EF  A9 88       LDA #$88
41F1  8D 06 C1    STA $C106
41F4  A9 00       LDA #$00
41F6  8D 07 C1    STA $C107
41F9  A9 00       LDA #$00
41FB  8D 08 C1    STA $C108
41FE  A9 00       LDA #$00
4200  8D 09 C1    STA $C109
4203  A9 00       LDA #$00
4205  8D 0A C1    STA $C10A
4208  A9 00       LDA #$00
420A  8D 0B C1    STA $C10B
420D  A9 00       LDA #$00
420F  8D 0C C1    STA $C10C
4212  A9 00       LDA #$00
4214  8D 0D C1    STA $C10D
4217  A9 01       LDA #$01
4219  8D 0E C1    STA $C10E
421C  A9 00       LDA #$00
421E  8D 0F C1    STA $C10F
4221  A9 00       LDA #$00
4223  8D 10 C1    STA $C110
4226  A9 00       LDA #$00
4228  8D 11 C1    STA $C111
422B  A9 00       LDA #$00
422D  8D 08 C5    STA $C508
4230  A9 00       LDA #$00
4232  8D 09 C5    STA $C509
4235  A9 00       LDA #$00
4237  8D 0A C5    STA $C50A
423A  A9 00       LDA #$00
423C  8D 0B C5    STA $C50B
423F  A9 00       LDA #$00
4241  8D 0C C5    STA $C50C
4244  A9 00       LDA #$00
4246  8D 0D C5    STA $C50D
4249  A9 01       LDA #$01
424B  8D 0D C4    STA $C40D
424E  A9 A2       LDA #$A2
4250  8D 0C C4    STA $C40C
4253  A9 02       LDA #$02
4255  8D 0D C4    STA $C40D
4258  AD 0E C4    LDA $C40E
425B  29 FE       AND #$FE
425D  8D 0E C4    STA $C40E
4260  AD 08 C4    LDA $C408
4263  C9 00       CMP #$00
4265  D0 05       BNE sprite_play_start_1_0_6
4267  AD 0B C4    LDA $C40B
426A  D0 1A       BNE sprite_play_done_1_0_7
426C        sprite_play_start_1_0_6:
426C  A9 00       LDA #$00
426E  8D 08 C4    STA $C408
4271  A9 00       LDA #$00
4273  8D 09 C4    STA $C409
4276  A9 00       LDA #$00
4278  8D 0A C4    STA $C40A
427B  A9 01       LDA #$01
427D  8D 0B C4    STA $C40B
4280  AD 19 68    LDA sprite_sequence_1_enemy
4283  8D 0C C4    STA $C40C
4286        sprite_play_done_1_0_7:
4286  A9 E0       LDA #$E0
4288  8D 12 C1    STA $C112
428B  A9 00       LDA #$00
428D  8D 13 C1    STA $C113
4290  A9 60       LDA #$60
4292  8D 14 C1    STA $C114
4295  A9 00       LDA #$00
4297  8D 15 C1    STA $C115
429A  A9 00       LDA #$00
429C  8D 16 C1    STA $C116
429F  A9 00       LDA #$00
42A1  8D 17 C1    STA $C117
42A4  A9 00       LDA #$00
42A6  8D 18 C1    STA $C118
42A9  A9 00       LDA #$00
42AB  8D 19 C1    STA $C119
42AE  A9 00       LDA #$00
42B0  8D 1A C1    STA $C11A
42B3  A9 00       LDA #$00
42B5  8D 1B C1    STA $C11B
42B8  A9 01       LDA #$01
42BA  8D 1C C1    STA $C11C
42BD  A9 00       LDA #$00
42BF  8D 1D C1    STA $C11D
42C2  A9 00       LDA #$00
42C4  8D 1E C1    STA $C11E
42C7  A9 00       LDA #$00
42C9  8D 1F C1    STA $C11F
42CC  A9 00       LDA #$00
42CE  8D 40 C5    STA $C540
42D1  A9 00       LDA #$00
42D3  8D 41 C5    STA $C541
42D6  A9 00       LDA #$00
42D8  8D 42 C5    STA $C542
42DB  A9 00       LDA #$00
42DD  8D 43 C5    STA $C543
42E0  A9 00       LDA #$00
42E2  8D 44 C5    STA $C544
42E5  A9 00       LDA #$00
42E7  8D 45 C5    STA $C545
42EA  A9 01       LDA #$01
42EC  8D 45 C4    STA $C445
42EF  A9 A3       LDA #$A3
42F1  8D 44 C4    STA $C444
42F4  A9 0A       LDA #$0A
42F6  8D 45 C4    STA $C445
42F9  AD 46 C4    LDA $C446
42FC  29 FE       AND #$FE
42FE  8D 46 C4    STA $C446
4301  AD 40 C4    LDA $C440
4304  C9 00       CMP #$00
4306  D0 05       BNE sprite_play_start_8_0_8
4308  AD 43 C4    LDA $C443
430B  D0 1A       BNE sprite_play_done_8_0_9
430D        sprite_play_start_8_0_8:
430D  A9 00       LDA #$00
430F  8D 40 C4    STA $C440
4312  A9 00       LDA #$00
4314  8D 41 C4    STA $C441
4317  A9 00       LDA #$00
4319  8D 42 C4    STA $C442
431C  A9 01       LDA #$01
431E  8D 43 C4    STA $C443
4321  AD 1A 68    LDA sprite_sequence_8_coin
4324  8D 44 C4    STA $C444
4327        sprite_play_done_8_0_9:
4327  A9 E8       LDA #$E8
4329  8D 20 C1    STA $C120
432C  A9 01       LDA #$01
432E  8D 21 C1    STA $C121
4331  A9 18       LDA #$18
4333  8D 22 C1    STA $C122
4336  A9 00       LDA #$00
4338  8D 23 C1    STA $C123
433B  A9 00       LDA #$00
433D  8D 24 C1    STA $C124
4340  A9 00       LDA #$00
4342  8D 25 C1    STA $C125
4345  A9 00       LDA #$00
4347  8D 26 C1    STA $C126
434A  A9 00       LDA #$00
434C  8D 27 C1    STA $C127
434F  A9 00       LDA #$00
4351  8D 28 C1    STA $C128
4354  A9 00       LDA #$00
4356  8D 29 C1    STA $C129
4359  A9 01       LDA #$01
435B  8D 2A C1    STA $C12A
435E  A9 00       LDA #$00
4360  8D 2B C1    STA $C12B
4363  A9 00       LDA #$00
4365  8D 2C C1    STA $C12C
4368  A9 00       LDA #$00
436A  8D 2D C1    STA $C12D
436D  A9 00       LDA #$00
436F  8D 2E C1    STA $C12E
4372  A9 07       LDA #$07
4374  8D 2F C1    STA $C12F
4377  A9 02       LDA #$02
4379  8D 30 C1    STA $C130
437C  A9 07       LDA #$07
437E  8D 31 C1    STA $C131
4381  A9 00       LDA #$00
4383  8D 34 C1    STA $C134
4386  A9 00       LDA #$00
4388  8D 35 C1    STA $C135
438B  A9 10       LDA #$10
438D  8D 36 C1    STA $C136
4390  A9 00       LDA #$00
4392  8D 37 C1    STA $C137
4395  AD 11 D0    LDA $D011
4398  29 7F       AND #$7F
439A  8D 32 C1    STA $C132
439D  AD 16 D0    LDA $D016
43A0  8D 33 C1    STA $C133
43A3  A9 00       LDA #$00
43A5  8D 00 C1    STA $C100
43A8  A9 00       LDA #$00
43AA  8D 01 C1    STA $C101
43AD  A9 00       LDA #$00
43AF  8D 02 C1    STA $C102
43B2  A9 00       LDA #$00
43B4  8D 03 C1    STA $C103
43B7  20 CC 43    JSR user_routine___js_init_5
43BA  A9 00       LDA #$00
43BC  8D 38 C1    STA $C138
43BF  A9 00       LDA #$00
43C1  8D 7E C7    STA $C77E
43C4  A9 00       LDA #$00
43C6  8D 9B C5    STA $C59B
43C9  4C 4F 44    JMP user_routine___js_init_5_after
43CC        user_routine___js_init_5:
43CC  A9 00       LDA #$00
43CE  8D 20 D0    STA $D020
43D1  A9 00       LDA #$00
43D3  8D 21 D0    STA $D021
43D6  A9 01       LDA #$01
43D8  8D 86 02    STA $0286
43DB  AD 02 DD    LDA $DD02
43DE  09 03       ORA #$03
43E0  8D 02 DD    STA $DD02
43E3  AD 00 DD    LDA $DD00
43E6  29 FC       AND #$FC
43E8  09 03       ORA #$03
43EA  8D 00 DD    STA $DD00
43ED  A9 15       LDA #$15
43EF  8D 18 D0    STA $D018
43F2  AD 11 D0    LDA $D011
43F5  29 DF       AND #$DF
43F7  8D 11 D0    STA $D011
43FA  A9 93       LDA #$93
43FC  20 D2 FF    JSR $FFD2
43FF  A2 00       LDX #$00
4401        printat_loop_10:
4401  BD 6A 66    LDA str_screen_0,X
4404  F0 0E       BEQ printat_done_11
4406  9D 49 07    STA $0749,X
4409  AD 86 02    LDA $0286
440C  29 0F       AND #$0F
440E  9D 49 DB    STA $DB49,X
4411  E8          INX
4412  D0 ED       BNE printat_loop_10
4414        printat_done_11:
4414  A2 00       LDX #$00
4416        printat_loop_12:
4416  BD 84 66    LDA str_screen_1,X
4419  F0 0E       BEQ printat_done_13
441B  9D 99 07    STA $0799,X
441E  AD 86 02    LDA $0286
4421  29 0F       AND #$0F
4423  9D 99 DB    STA $DB99,X
4426  E8          INX
4427  D0 ED       BNE printat_loop_12
4429        printat_done_13:
4429  A9 0C       LDA #$0C
442B  8D 18 D4    STA $D418
442E  AD 2E C1    LDA $C12E
4431  8D C0 C7    STA $C7C0
4434  AD 30 C1    LDA $C130
4437  8D C1 C7    STA $C7C1
443A  AD 11 D0    LDA $D011
443D  29 7F       AND #$7F
443F  8D 32 C1    STA $C132
4442  AD 16 D0    LDA $D016
4445  8D 33 C1    STA $C133
4448  20 B4 55    JSR runtime_map_viewport_0
444B  20 FE 55    JSR runtime_map_scroll_restore_0
444E        __js_return_6:
444E  60          RTS
444F        user_routine___js_init_5_after:
444F  4C 78 45    JMP user_routine___js_animate_12_after
4452        user_routine___js_animate_12:
4452  AD 0A C1    LDA $C10A
4455  C9 01       CMP #$01
4457  F0 03       BEQ condition_pass_15
4459  4C 1E 45    JMP control_if_else_14
445C        condition_pass_15:
445C  AD 08 C1    LDA $C108
445F  C9 00       CMP #$00
4461  F0 03       BEQ condition_pass_17
4463  4C C2 44    JMP control_if_else_16
4466        condition_pass_17:
4466  AD 00 C1    LDA $C100
4469  C9 00       CMP #$00
446B  D0 03       BNE condition_pass_19
446D  4C 99 44    JMP control_if_else_18
4470        condition_pass_19:
4470  AD 00 C4    LDA $C400
4473  C9 01       CMP #$01
4475  D0 05       BNE sprite_play_start_0_1_20
4477  AD 03 C4    LDA $C403
447A  D0 1A       BNE sprite_play_done_0_1_21
447C        sprite_play_start_0_1_20:
447C  A9 01       LDA #$01
447E  8D 00 C4    STA $C400
4481  A9 00       LDA #$00
4483  8D 01 C4    STA $C401
4486  A9 00       LDA #$00
4488  8D 02 C4    STA $C402
448B  A9 01       LDA #$01
448D  8D 03 C4    STA $C403
4490  AD 12 68    LDA sprite_sequence_0_idle-left
4493  8D 04 C4    STA $C404
4496        sprite_play_done_0_1_21:
4496  4C BF 44    JMP control_if_end_18
4499        control_if_else_18:
4499  AD 00 C4    LDA $C400
449C  C9 00       CMP #$00
449E  D0 05       BNE sprite_play_start_0_0_22
44A0  AD 03 C4    LDA $C403
44A3  D0 1A       BNE sprite_play_done_0_0_23
44A5        sprite_play_start_0_0_22:
44A5  A9 00       LDA #$00
44A7  8D 00 C4    STA $C400
44AA  A9 00       LDA #$00
44AC  8D 01 C4    STA $C401
44AF  A9 00       LDA #$00
44B1  8D 02 C4    STA $C402
44B4  A9 01       LDA #$01
44B6  8D 03 C4    STA $C403
44B9  AD 11 68    LDA sprite_sequence_0_idle-right
44BC  8D 04 C4    STA $C404
44BF        sprite_play_done_0_0_23:
44BF        control_if_end_18:
44BF  4C 1B 45    JMP control_if_end_16
44C2        control_if_else_16:
44C2  AD 00 C1    LDA $C100
44C5  C9 00       CMP #$00
44C7  D0 03       BNE condition_pass_25
44C9  4C F5 44    JMP control_if_else_24
44CC        condition_pass_25:
44CC  AD 00 C4    LDA $C400
44CF  C9 03       CMP #$03
44D1  D0 05       BNE sprite_play_start_0_3_26
44D3  AD 03 C4    LDA $C403
44D6  D0 1A       BNE sprite_play_done_0_3_27
44D8        sprite_play_start_0_3_26:
44D8  A9 03       LDA #$03
44DA  8D 00 C4    STA $C400
44DD  A9 00       LDA #$00
44DF  8D 01 C4    STA $C401
44E2  A9 00       LDA #$00
44E4  8D 02 C4    STA $C402
44E7  A9 01       LDA #$01
44E9  8D 03 C4    STA $C403
44EC  AD 15 68    LDA sprite_sequence_0_run-left
44EF  8D 04 C4    STA $C404
44F2        sprite_play_done_0_3_27:
44F2  4C 1B 45    JMP control_if_end_24
44F5        control_if_else_24:
44F5  AD 00 C4    LDA $C400
44F8  C9 02       CMP #$02
44FA  D0 05       BNE sprite_play_start_0_2_28
44FC  AD 03 C4    LDA $C403
44FF  D0 1A       BNE sprite_play_done_0_2_29
4501        sprite_play_start_0_2_28:
4501  A9 02       LDA #$02
4503  8D 00 C4    STA $C400
4506  A9 00       LDA #$00
4508  8D 01 C4    STA $C401
450B  A9 00       LDA #$00
450D  8D 02 C4    STA $C402
4510  A9 01       LDA #$01
4512  8D 03 C4    STA $C403
4515  AD 13 68    LDA sprite_sequence_0_run-right
4518  8D 04 C4    STA $C404
451B        sprite_play_done_0_2_29:
451B        control_if_end_24:
451B        control_if_end_16:
451B  4C 77 45    JMP control_if_end_14
451E        control_if_else_14:
451E  AD 00 C1    LDA $C100
4521  C9 00       CMP #$00
4523  D0 03       BNE condition_pass_31
4525  4C 51 45    JMP control_if_else_30
4528        condition_pass_31:
4528  AD 00 C4    LDA $C400
452B  C9 05       CMP #$05
452D  D0 05       BNE sprite_play_start_0_5_32
452F  AD 03 C4    LDA $C403
4532  D0 1A       BNE sprite_play_done_0_5_33
4534        sprite_play_start_0_5_32:
4534  A9 05       LDA #$05
4536  8D 00 C4    STA $C400
4539  A9 00       LDA #$00
453B  8D 01 C4    STA $C401
453E  A9 00       LDA #$00
4540  8D 02 C4    STA $C402
4543  A9 01       LDA #$01
4545  8D 03 C4    STA $C403
4548  AD 18 68    LDA sprite_sequence_0_jump-left
454B  8D 04 C4    STA $C404
454E        sprite_play_done_0_5_33:
454E  4C 77 45    JMP control_if_end_30
4551        control_if_else_30:
4551  AD 00 C4    LDA $C400
4554  C9 04       CMP #$04
4556  D0 05       BNE sprite_play_start_0_4_34
4558  AD 03 C4    LDA $C403
455B  D0 1A       BNE sprite_play_done_0_4_35
455D        sprite_play_start_0_4_34:
455D  A9 04       LDA #$04
455F  8D 00 C4    STA $C400
4562  A9 00       LDA #$00
4564  8D 01 C4    STA $C401
4567  A9 00       LDA #$00
4569  8D 02 C4    STA $C402
456C  A9 01       LDA #$01
456E  8D 03 C4    STA $C403
4571  AD 17 68    LDA sprite_sequence_0_jump-right
4574  8D 04 C4    STA $C404
4577        sprite_play_done_0_4_35:
4577        control_if_end_30:
4577        control_if_end_14:
4577        __js_return_13:
4577  60          RTS
4578        user_routine___js_animate_12_after:
4578  4C 27 46    JMP user_routine___js_respawn_17_after
457B        user_routine___js_respawn_17:
457B  AD 01 C1    LDA $C101
457E  C9 00       CMP #$00
4580  F0 03       BEQ condition_pass_37
4582  4C D3 45    JMP control_if_else_36
4585        condition_pass_37:
4585  A9 18       LDA #$18
4587  8D 04 C1    STA $C104
458A  A9 00       LDA #$00
458C  8D 05 C1    STA $C105
458F  A9 88       LDA #$88
4591  8D 06 C1    STA $C106
4594  A9 00       LDA #$00
4596  8D 07 C1    STA $C107
4599  A9 00       LDA #$00
459B  8D 08 C1    STA $C108
459E  A9 00       LDA #$00
45A0  8D 09 C1    STA $C109
45A3  A9 00       LDA #$00
45A5  8D 0A C1    STA $C10A
45A8  A9 00       LDA #$00
45AA  8D 0B C1    STA $C10B
45AD  A9 00       LDA #$00
45AF  8D 0C C1    STA $C10C
45B2  A9 00       LDA #$00
45B4  8D 0D C1    STA $C10D
45B7  A9 00       LDA #$00
45B9  8D 0F C1    STA $C10F
45BC  A9 00       LDA #$00
45BE  8D 10 C1    STA $C110
45C1  A9 00       LDA #$00
45C3  8D 11 C1    STA $C111
45C6  A9 01       LDA #$01
45C8  8D 0E C1    STA $C10E
45CB  A9 01       LDA #$01
45CD  8D 05 C5    STA $C505
45D0  4C 1E 46    JMP control_if_end_36
45D3        control_if_else_36:
45D3  A9 58       LDA #$58
45D5  8D 04 C1    STA $C104
45D8  A9 01       LDA #$01
45DA  8D 05 C1    STA $C105
45DD  A9 38       LDA #$38
45DF  8D 06 C1    STA $C106
45E2  A9 00       LDA #$00
45E4  8D 07 C1    STA $C107
45E7  A9 00       LDA #$00
45E9  8D 08 C1    STA $C108
45EC  A9 00       LDA #$00
45EE  8D 09 C1    STA $C109
45F1  A9 00       LDA #$00
45F3  8D 0A C1    STA $C10A
45F6  A9 00       LDA #$00
45F8  8D 0B C1    STA $C10B
45FB  A9 00       LDA #$00
45FD  8D 0C C1    STA $C10C
4600  A9 00       LDA #$00
4602  8D 0D C1    STA $C10D
4605  A9 00       LDA #$00
4607  8D 0F C1    STA $C10F
460A  A9 00       LDA #$00
460C  8D 10 C1    STA $C110
460F  A9 00       LDA #$00
4611  8D 11 C1    STA $C111
4614  A9 01       LDA #$01
4616  8D 0E C1    STA $C10E
4619  A9 01       LDA #$01
461B  8D 05 C5    STA $C505
461E        control_if_end_36:
461E  A9 0F       LDA #$0F
4620  8D 18 D4    STA $D418
4623  20 2E 4F    JSR runtime_sid_click
4626        __js_return_18:
4626  60          RTS
4627        user_routine___js_respawn_17_after:
4627  4C 81 4D    JMP user_routine___js_update_7_after
462A        user_routine___js_update_7:
462A  A9 00       LDA #$00
462C  8D 08 C1    STA $C108
462F  AD 67 C7    LDA $C767
4632  29 04       AND #$04
4634  F0 03       BEQ condition_pass_39
4636  4C 46 46    JMP control_if_else_38
4639        condition_pass_39:
4639  A9 FE       LDA #$FE
463B  8D 08 C1    STA $C108
463E  A9 01       LDA #$01
4640  8D 00 C1    STA $C100
4643  4C 46 46    JMP control_if_end_38
4646        control_if_else_38:
4646        control_if_end_38:
4646  AD 67 C7    LDA $C767
4649  29 08       AND #$08
464B  F0 03       BEQ condition_pass_41
464D  4C 5D 46    JMP control_if_else_40
4650        condition_pass_41:
4650  A9 02       LDA #$02
4652  8D 08 C1    STA $C108
4655  A9 00       LDA #$00
4657  8D 00 C1    STA $C100
465A  4C 5D 46    JMP control_if_end_40
465D        control_if_else_40:
465D        control_if_end_40:
465D  AD 0A C1    LDA $C10A
4660  C9 01       CMP #$01
4662  F0 03       BEQ condition_pass_43
4664  4C 87 46    JMP control_if_else_42
4667        condition_pass_43:
4667  AD 67 C7    LDA $C767
466A  29 10       AND #$10
466C  F0 03       BEQ joystick_current_pressed_45
466E  4C 81 46    JMP control_if_else_44
4671        joystick_current_pressed_45:
4671  AD 69 C7    LDA $C769
4674  29 10       AND #$10
4676  D0 03       BNE condition_pass_45
4678  4C 81 46    JMP control_if_else_44
467B        condition_pass_45:
467B  4C 8A 46    JMP __js_logic_yes_9
467E  4C 84 46    JMP control_if_end_44
4681        control_if_else_44:
4681  4C 97 46    JMP __js_logic_no_10
4684        control_if_end_44:
4684  4C 8A 46    JMP control_if_end_42
4687        control_if_else_42:
4687  4C 97 46    JMP __js_logic_no_10
468A        control_if_end_42:
468A        __js_logic_yes_9:
468A  A9 F8       LDA #$F8
468C  8D 09 C1    STA $C109
468F  A9 00       LDA #$00
4691  8D 0A C1    STA $C10A
4694  4C 97 46    JMP __js_logic_end_11
4697        __js_logic_no_10:
4697        __js_logic_end_11:
4697  EE 09 C1    INC $C109
469A  20 E8 50    JSR runtime_map_entity_move_0
469D  AD 03 C4    LDA $C403
46A0  D0 03       BNE sprite_anim_active_0_47
46A2  4C DD 47    JMP sprite_anim_done_0_46
46A5        sprite_anim_active_0_47:
46A5  AD 00 C4    LDA $C400
46A8  C9 00       CMP #$00
46AA  D0 2D       BNE sprite_anim_next_seq_0_0_48
46AC  EE 02 C4    INC $C402
46AF  AD 02 C4    LDA $C402
46B2  C9 08       CMP #$08
46B4  B0 03       BCS sprite_anim_advance_0_0_49
46B6  4C DD 47    JMP sprite_anim_done_0_46
46B9        sprite_anim_advance_0_0_49:
46B9  A9 00       LDA #$00
46BB  8D 02 C4    STA $C402
46BE  EE 01 C4    INC $C401
46C1  AD 01 C4    LDA $C401
46C4  C9 01       CMP #$01
46C6  90 05       BCC sprite_anim_pos_ok_0_0_50
46C8  A9 00       LDA #$00
46CA  8D 01 C4    STA $C401
46CD        sprite_anim_pos_ok_0_0_50:
46CD  AE 01 C4    LDX $C401
46D0  BD 11 68    LDA sprite_sequence_0_idle-right,X
46D3  8D 04 C4    STA $C404
46D6  4C DD 47    JMP sprite_anim_done_0_46
46D9        sprite_anim_next_seq_0_0_48:
46D9  AD 00 C4    LDA $C400
46DC  C9 01       CMP #$01
46DE  D0 2D       BNE sprite_anim_next_seq_0_1_51
46E0  EE 02 C4    INC $C402
46E3  AD 02 C4    LDA $C402
46E6  C9 08       CMP #$08
46E8  B0 03       BCS sprite_anim_advance_0_1_52
46EA  4C DD 47    JMP sprite_anim_done_0_46
46ED        sprite_anim_advance_0_1_52:
46ED  A9 00       LDA #$00
46EF  8D 02 C4    STA $C402
46F2  EE 01 C4    INC $C401
46F5  AD 01 C4    LDA $C401
46F8  C9 01       CMP #$01
46FA  90 05       BCC sprite_anim_pos_ok_0_1_53
46FC  A9 00       LDA #$00
46FE  8D 01 C4    STA $C401
4701        sprite_anim_pos_ok_0_1_53:
4701  AE 01 C4    LDX $C401
4704  BD 12 68    LDA sprite_sequence_0_idle-left,X
4707  8D 04 C4    STA $C404
470A  4C DD 47    JMP sprite_anim_done_0_46
470D        sprite_anim_next_seq_0_1_51:
470D  AD 00 C4    LDA $C400
4710  C9 02       CMP #$02
4712  D0 2D       BNE sprite_anim_next_seq_0_2_54
4714  EE 02 C4    INC $C402
4717  AD 02 C4    LDA $C402
471A  C9 05       CMP #$05
471C  B0 03       BCS sprite_anim_advance_0_2_55
471E  4C DD 47    JMP sprite_anim_done_0_46
4721        sprite_anim_advance_0_2_55:
4721  A9 00       LDA #$00
4723  8D 02 C4    STA $C402
4726  EE 01 C4    INC $C401
4729  AD 01 C4    LDA $C401
472C  C9 02       CMP #$02
472E  90 05       BCC sprite_anim_pos_ok_0_2_56
4730  A9 00       LDA #$00
4732  8D 01 C4    STA $C401
4735        sprite_anim_pos_ok_0_2_56:
4735  AE 01 C4    LDX $C401
4738  BD 13 68    LDA sprite_sequence_0_run-right,X
473B  8D 04 C4    STA $C404
473E  4C DD 47    JMP sprite_anim_done_0_46
4741        sprite_anim_next_seq_0_2_54:
4741  AD 00 C4    LDA $C400
4744  C9 03       CMP #$03
4746  D0 2D       BNE sprite_anim_next_seq_0_3_57
4748  EE 02 C4    INC $C402
474B  AD 02 C4    LDA $C402
474E  C9 05       CMP #$05
4750  B0 03       BCS sprite_anim_advance_0_3_58
4752  4C DD 47    JMP sprite_anim_done_0_46
4755        sprite_anim_advance_0_3_58:
4755  A9 00       LDA #$00
4757  8D 02 C4    STA $C402
475A  EE 01 C4    INC $C401
475D  AD 01 C4    LDA $C401
4760  C9 02       CMP #$02
4762  90 05       BCC sprite_anim_pos_ok_0_3_59
4764  A9 00       LDA #$00
4766  8D 01 C4    STA $C401
4769        sprite_anim_pos_ok_0_3_59:
4769  AE 01 C4    LDX $C401
476C  BD 15 68    LDA sprite_sequence_0_run-left,X
476F  8D 04 C4    STA $C404
4772  4C DD 47    JMP sprite_anim_done_0_46
4775        sprite_anim_next_seq_0_3_57:
4775  AD 00 C4    LDA $C400
4778  C9 04       CMP #$04
477A  D0 2D       BNE sprite_anim_next_seq_0_4_60
477C  EE 02 C4    INC $C402
477F  AD 02 C4    LDA $C402
4782  C9 08       CMP #$08
4784  B0 03       BCS sprite_anim_advance_0_4_61
4786  4C DD 47    JMP sprite_anim_done_0_46
4789        sprite_anim_advance_0_4_61:
4789  A9 00       LDA #$00
478B  8D 02 C4    STA $C402
478E  EE 01 C4    INC $C401
4791  AD 01 C4    LDA $C401
4794  C9 01       CMP #$01
4796  90 05       BCC sprite_anim_pos_ok_0_4_62
4798  A9 00       LDA #$00
479A  8D 01 C4    STA $C401
479D        sprite_anim_pos_ok_0_4_62:
479D  AE 01 C4    LDX $C401
47A0  BD 17 68    LDA sprite_sequence_0_jump-right,X
47A3  8D 04 C4    STA $C404
47A6  4C DD 47    JMP sprite_anim_done_0_46
47A9        sprite_anim_next_seq_0_4_60:
47A9  AD 00 C4    LDA $C400
47AC  C9 05       CMP #$05
47AE  D0 2D       BNE sprite_anim_next_seq_0_5_63
47B0  EE 02 C4    INC $C402
47B3  AD 02 C4    LDA $C402
47B6  C9 08       CMP #$08
47B8  B0 03       BCS sprite_anim_advance_0_5_64
47BA  4C DD 47    JMP sprite_anim_done_0_46
47BD        sprite_anim_advance_0_5_64:
47BD  A9 00       LDA #$00
47BF  8D 02 C4    STA $C402
47C2  EE 01 C4    INC $C401
47C5  AD 01 C4    LDA $C401
47C8  C9 01       CMP #$01
47CA  90 05       BCC sprite_anim_pos_ok_0_5_65
47CC  A9 00       LDA #$00
47CE  8D 01 C4    STA $C401
47D1        sprite_anim_pos_ok_0_5_65:
47D1  AE 01 C4    LDX $C401
47D4  BD 18 68    LDA sprite_sequence_0_jump-left,X
47D7  8D 04 C4    STA $C404
47DA  4C DD 47    JMP sprite_anim_done_0_46
47DD        sprite_anim_next_seq_0_5_63:
47DD        sprite_anim_done_0_46:
47DD  20 52 44    JSR user_routine___js_animate_12
47E0  18          CLC
47E1  AD 04 C1    LDA $C104
47E4  69 0C       ADC #$0C
47E6  8D C4 C7    STA $C7C4
47E9  AD 05 C1    LDA $C105
47EC  69 00       ADC #$00
47EE  8D C5 C7    STA $C7C5
47F1  18          CLC
47F2  AD 34 C1    LDA $C134
47F5  69 C7       ADC #$C7
47F7  8D BD C7    STA $C7BD
47FA  AD 35 C1    LDA $C135
47FD  69 00       ADC #$00
47FF  8D BE C7    STA $C7BE
4802  AD C5 C7    LDA $C7C5
4805  CD BE C7    CMP $C7BE
4808  F0 05       BEQ map_camera_follow_x_0_0_66_0_positive_compare_high_equal
480A  90 10       BCC map_camera_follow_x_0_0_66_0_positive_compare_false
480C  4C 4D 48    JMP map_camera_follow_x_0_0_66_0_move_positive
480F        map_camera_follow_x_0_0_66_0_positive_compare_high_equal:
480F  AD C4 C7    LDA $C7C4
4812  CD BD C7    CMP $C7BD
4815  F0 05       BEQ map_camera_follow_x_0_0_66_0_positive_compare_false
4817  90 03       BCC map_camera_follow_x_0_0_66_0_positive_compare_false
4819  4C 4D 48    JMP map_camera_follow_x_0_0_66_0_move_positive
481C        map_camera_follow_x_0_0_66_0_positive_compare_false:
481C  4C 1F 48    JMP map_camera_follow_x_0_0_66_0_check_negative
481F        map_camera_follow_x_0_0_66_0_check_negative:
481F  18          CLC
4820  AD 34 C1    LDA $C134
4823  69 68       ADC #$68
4825  8D BD C7    STA $C7BD
4828  AD 35 C1    LDA $C135
482B  69 00       ADC #$00
482D  8D BE C7    STA $C7BE
4830  AD BE C7    LDA $C7BE
4833  CD C5 C7    CMP $C7C5
4836  F0 05       BEQ map_camera_follow_x_0_0_66_0_negative_compare_high_equal
4838  90 10       BCC map_camera_follow_x_0_0_66_0_negative_compare_false
483A  4C 77 48    JMP map_camera_follow_x_0_0_66_0_move_negative
483D        map_camera_follow_x_0_0_66_0_negative_compare_high_equal:
483D  AD BD C7    LDA $C7BD
4840  CD C4 C7    CMP $C7C4
4843  F0 05       BEQ map_camera_follow_x_0_0_66_0_negative_compare_false
4845  90 03       BCC map_camera_follow_x_0_0_66_0_negative_compare_false
4847  4C 77 48    JMP map_camera_follow_x_0_0_66_0_move_negative
484A        map_camera_follow_x_0_0_66_0_negative_compare_false:
484A  4C A8 48    JMP map_camera_follow_x_0_0_66_0_done
484D        map_camera_follow_x_0_0_66_0_move_positive:
484D  AD 2E C1    LDA $C12E
4850  C9 2C       CMP #$2C
4852  F0 20       BEQ map_scroll_done_67
4854        map_scroll_can_move_67:
4854  AD 2F C1    LDA $C12F
4857  F0 06       BEQ map_scroll_wrap_67
4859  CE 2F C1    DEC $C12F
485C  4C 6C 48    JMP map_scroll_moved_67
485F        map_scroll_wrap_67:
485F  EE 2E C1    INC $C12E
4862  A9 07       LDA #$07
4864  8D 2F C1    STA $C12F
4867  A9 01       LDA #$01
4869  8D 38 C1    STA $C138
486C        map_scroll_moved_67:
486C  EE 34 C1    INC $C134
486F  D0 03       BNE map_scroll_pixel_x_inc_67_done
4871  EE 35 C1    INC $C135
4874        map_scroll_pixel_x_inc_67_done:
4874        map_scroll_done_67:
4874  4C A8 48    JMP map_camera_follow_x_0_0_66_0_done
4877        map_camera_follow_x_0_0_66_0_move_negative:
4877  AD 2E C1    LDA $C12E
487A  D0 07       BNE map_scroll_can_move_68
487C  AD 2F C1    LDA $C12F
487F  C9 07       CMP #$07
4881  F0 25       BEQ map_scroll_done_68
4883        map_scroll_can_move_68:
4883  AD 2F C1    LDA $C12F
4886  C9 07       CMP #$07
4888  F0 06       BEQ map_scroll_wrap_68
488A  EE 2F C1    INC $C12F
488D  4C 9D 48    JMP map_scroll_moved_68
4890        map_scroll_wrap_68:
4890  CE 2E C1    DEC $C12E
4893  A9 00       LDA #$00
4895  8D 2F C1    STA $C12F
4898  A9 FF       LDA #$FF
489A  8D 38 C1    STA $C138
489D        map_scroll_moved_68:
489D  AD 34 C1    LDA $C134
48A0  D0 03       BNE map_scroll_pixel_x_dec_68_low
48A2  CE 35 C1    DEC $C135
48A5        map_scroll_pixel_x_dec_68_low:
48A5  CE 34 C1    DEC $C134
48A8        map_scroll_done_68:
48A8        map_camera_follow_x_0_0_66_0_done:
48A8  18          CLC
48A9  AD 04 C1    LDA $C104
48AC  69 0C       ADC #$0C
48AE  8D C4 C7    STA $C7C4
48B1  AD 05 C1    LDA $C105
48B4  69 00       ADC #$00
48B6  8D C5 C7    STA $C7C5
48B9  18          CLC
48BA  AD 34 C1    LDA $C134
48BD  69 C7       ADC #$C7
48BF  8D BD C7    STA $C7BD
48C2  AD 35 C1    LDA $C135
48C5  69 00       ADC #$00
48C7  8D BE C7    STA $C7BE
48CA  AD C5 C7    LDA $C7C5
48CD  CD BE C7    CMP $C7BE
48D0  F0 05       BEQ map_camera_follow_x_0_0_69_1_positive_compare_high_equal
48D2  90 10       BCC map_camera_follow_x_0_0_69_1_positive_compare_false
48D4  4C 15 49    JMP map_camera_follow_x_0_0_69_1_move_positive
48D7        map_camera_follow_x_0_0_69_1_positive_compare_high_equal:
48D7  AD C4 C7    LDA $C7C4
48DA  CD BD C7    CMP $C7BD
48DD  F0 05       BEQ map_camera_follow_x_0_0_69_1_positive_compare_false
48DF  90 03       BCC map_camera_follow_x_0_0_69_1_positive_compare_false
48E1  4C 15 49    JMP map_camera_follow_x_0_0_69_1_move_positive
48E4        map_camera_follow_x_0_0_69_1_positive_compare_false:
48E4  4C E7 48    JMP map_camera_follow_x_0_0_69_1_check_negative
48E7        map_camera_follow_x_0_0_69_1_check_negative:
48E7  18          CLC
48E8  AD 34 C1    LDA $C134
48EB  69 68       ADC #$68
48ED  8D BD C7    STA $C7BD
48F0  AD 35 C1    LDA $C135
48F3  69 00       ADC #$00
48F5  8D BE C7    STA $C7BE
48F8  AD BE C7    LDA $C7BE
48FB  CD C5 C7    CMP $C7C5
48FE  F0 05       BEQ map_camera_follow_x_0_0_69_1_negative_compare_high_equal
4900  90 10       BCC map_camera_follow_x_0_0_69_1_negative_compare_false
4902  4C 3F 49    JMP map_camera_follow_x_0_0_69_1_move_negative
4905        map_camera_follow_x_0_0_69_1_negative_compare_high_equal:
4905  AD BD C7    LDA $C7BD
4908  CD C4 C7    CMP $C7C4
490B  F0 05       BEQ map_camera_follow_x_0_0_69_1_negative_compare_false
490D  90 03       BCC map_camera_follow_x_0_0_69_1_negative_compare_false
490F  4C 3F 49    JMP map_camera_follow_x_0_0_69_1_move_negative
4912        map_camera_follow_x_0_0_69_1_negative_compare_false:
4912  4C 70 49    JMP map_camera_follow_x_0_0_69_1_done
4915        map_camera_follow_x_0_0_69_1_move_positive:
4915  AD 2E C1    LDA $C12E
4918  C9 2C       CMP #$2C
491A  F0 20       BEQ map_scroll_done_70
491C        map_scroll_can_move_70:
491C  AD 2F C1    LDA $C12F
491F  F0 06       BEQ map_scroll_wrap_70
4921  CE 2F C1    DEC $C12F
4924  4C 34 49    JMP map_scroll_moved_70
4927        map_scroll_wrap_70:
4927  EE 2E C1    INC $C12E
492A  A9 07       LDA #$07
492C  8D 2F C1    STA $C12F
492F  A9 01       LDA #$01
4931  8D 38 C1    STA $C138
4934        map_scroll_moved_70:
4934  EE 34 C1    INC $C134
4937  D0 03       BNE map_scroll_pixel_x_inc_70_done
4939  EE 35 C1    INC $C135
493C        map_scroll_pixel_x_inc_70_done:
493C        map_scroll_done_70:
493C  4C 70 49    JMP map_camera_follow_x_0_0_69_1_done
493F        map_camera_follow_x_0_0_69_1_move_negative:
493F  AD 2E C1    LDA $C12E
4942  D0 07       BNE map_scroll_can_move_71
4944  AD 2F C1    LDA $C12F
4947  C9 07       CMP #$07
4949  F0 25       BEQ map_scroll_done_71
494B        map_scroll_can_move_71:
494B  AD 2F C1    LDA $C12F
494E  C9 07       CMP #$07
4950  F0 06       BEQ map_scroll_wrap_71
4952  EE 2F C1    INC $C12F
4955  4C 65 49    JMP map_scroll_moved_71
4958        map_scroll_wrap_71:
4958  CE 2E C1    DEC $C12E
495B  A9 00       LDA #$00
495D  8D 2F C1    STA $C12F
4960  A9 FF       LDA #$FF
4962  8D 38 C1    STA $C138
4965        map_scroll_moved_71:
4965  AD 34 C1    LDA $C134
4968  D0 03       BNE map_scroll_pixel_x_dec_71_low
496A  CE 35 C1    DEC $C135
496D        map_scroll_pixel_x_dec_71_low:
496D  CE 34 C1    DEC $C134
4970        map_scroll_done_71:
4970        map_camera_follow_x_0_0_69_1_done:
4970  AD 0E C1    LDA $C10E
4973  D0 03       BNE map_entity_enabled_0_72
4975  4C 12 4A    JMP map_entity_hidden_0_72
4978        map_entity_enabled_0_72:
4978  18          CLC
4979  AD 04 C1    LDA $C104
497C  69 18       ADC #$18
497E  8D BD C7    STA $C7BD
4981  AD 05 C1    LDA $C105
4984  69 00       ADC #$00
4986  8D BE C7    STA $C7BE
4989  38          SEC
498A  AD BD C7    LDA $C7BD
498D  ED 34 C1    SBC $C134
4990  8D BD C7    STA $C7BD
4993  AD BE C7    LDA $C7BE
4996  ED 35 C1    SBC $C135
4999  8D BE C7    STA $C7BE
499C  B0 03       BCS map_entity_x_72_not_before_73
499E  4C 12 4A    JMP map_entity_hidden_0_72
49A1        map_entity_x_72_not_before_73:
49A1  AD BE C7    LDA $C7BE
49A4  C9 01       CMP #$01
49A6  90 0C       BCC map_entity_x_visible_72
49A8  D0 07       BNE map_entity_x_visible_72_hidden
49AA  AD BD C7    LDA $C7BD
49AD  C9 50       CMP #$50
49AF  90 03       BCC map_entity_x_visible_72
49B1        map_entity_x_visible_72_hidden:
49B1  4C 12 4A    JMP map_entity_hidden_0_72
49B4        map_entity_x_visible_72:
49B4  18          CLC
49B5  AD 06 C1    LDA $C106
49B8  69 15       ADC #$15
49BA  8D BB C7    STA $C7BB
49BD  AD 07 C1    LDA $C107
49C0  69 00       ADC #$00
49C2  8D BC C7    STA $C7BC
49C5  38          SEC
49C6  AD BB C7    LDA $C7BB
49C9  ED 36 C1    SBC $C136
49CC  8D BB C7    STA $C7BB
49CF  AD BC C7    LDA $C7BC
49D2  ED 37 C1    SBC $C137
49D5  8D BC C7    STA $C7BC
49D8  B0 03       BCS map_entity_y_72_not_before_74
49DA  4C 12 4A    JMP map_entity_hidden_0_72
49DD        map_entity_y_72_not_before_74:
49DD  AD BC C7    LDA $C7BC
49E0  C9 00       CMP #$00
49E2  90 0C       BCC map_entity_y_visible_72
49E4  D0 07       BNE map_entity_y_visible_72_hidden
49E6  AD BB C7    LDA $C7BB
49E9  C9 CA       CMP #$CA
49EB  90 03       BCC map_entity_y_visible_72
49ED        map_entity_y_visible_72_hidden:
49ED  4C 12 4A    JMP map_entity_hidden_0_72
49F0        map_entity_y_visible_72:
49F0  18          CLC
49F1  AD BD C7    LDA $C7BD
49F4  69 17       ADC #$17
49F6  8D 00 C5    STA $C500
49F9  AD BE C7    LDA $C7BE
49FC  69 00       ADC #$00
49FE  8D 01 C5    STA $C501
4A01  18          CLC
4A02  AD BB C7    LDA $C7BB
4A05  69 1D       ADC #$1D
4A07  8D 02 C5    STA $C502
4A0A  A9 01       LDA #$01
4A0C  8D 05 C5    STA $C505
4A0F  4C 17 4A    JMP map_entity_shown_0_72
4A12        map_entity_hidden_0_72:
4A12  A9 00       LDA #$00
4A14  8D 05 C5    STA $C505
4A17        map_entity_shown_0_72:
4A17        map_entity_project_done_0_72:
4A17  AD 1C C1    LDA $C11C
4A1A  D0 03       BNE map_entity_enabled_1_75
4A1C  4C B9 4A    JMP map_entity_hidden_1_75
4A1F        map_entity_enabled_1_75:
4A1F  18          CLC
4A20  AD 12 C1    LDA $C112
4A23  69 18       ADC #$18
4A25  8D BD C7    STA $C7BD
4A28  AD 13 C1    LDA $C113
4A2B  69 00       ADC #$00
4A2D  8D BE C7    STA $C7BE
4A30  38          SEC
4A31  AD BD C7    LDA $C7BD
4A34  ED 34 C1    SBC $C134
4A37  8D BD C7    STA $C7BD
4A3A  AD BE C7    LDA $C7BE
4A3D  ED 35 C1    SBC $C135
4A40  8D BE C7    STA $C7BE
4A43  B0 03       BCS map_entity_x_75_not_before_76
4A45  4C B9 4A    JMP map_entity_hidden_1_75
4A48        map_entity_x_75_not_before_76:
4A48  AD BE C7    LDA $C7BE
4A4B  C9 01       CMP #$01
4A4D  90 0C       BCC map_entity_x_visible_75
4A4F  D0 07       BNE map_entity_x_visible_75_hidden
4A51  AD BD C7    LDA $C7BD
4A54  C9 50       CMP #$50
4A56  90 03       BCC map_entity_x_visible_75
4A58        map_entity_x_visible_75_hidden:
4A58  4C B9 4A    JMP map_entity_hidden_1_75
4A5B        map_entity_x_visible_75:
4A5B  18          CLC
4A5C  AD 14 C1    LDA $C114
4A5F  69 15       ADC #$15
4A61  8D BB C7    STA $C7BB
4A64  AD 15 C1    LDA $C115
4A67  69 00       ADC #$00
4A69  8D BC C7    STA $C7BC
4A6C  38          SEC
4A6D  AD BB C7    LDA $C7BB
4A70  ED 36 C1    SBC $C136
4A73  8D BB C7    STA $C7BB
4A76  AD BC C7    LDA $C7BC
4A79  ED 37 C1    SBC $C137
4A7C  8D BC C7    STA $C7BC
4A7F  B0 03       BCS map_entity_y_75_not_before_77
4A81  4C B9 4A    JMP map_entity_hidden_1_75
4A84        map_entity_y_75_not_before_77:
4A84  AD BC C7    LDA $C7BC
4A87  C9 00       CMP #$00
4A89  90 0C       BCC map_entity_y_visible_75
4A8B  D0 07       BNE map_entity_y_visible_75_hidden
4A8D  AD BB C7    LDA $C7BB
4A90  C9 CA       CMP #$CA
4A92  90 03       BCC map_entity_y_visible_75
4A94        map_entity_y_visible_75_hidden:
4A94  4C B9 4A    JMP map_entity_hidden_1_75
4A97        map_entity_y_visible_75:
4A97  18          CLC
4A98  AD BD C7    LDA $C7BD
4A9B  69 17       ADC #$17
4A9D  8D 08 C5    STA $C508
4AA0  AD BE C7    LDA $C7BE
4AA3  69 00       ADC #$00
4AA5  8D 09 C5    STA $C509
4AA8  18          CLC
4AA9  AD BB C7    LDA $C7BB
4AAC  69 1D       ADC #$1D
4AAE  8D 0A C5    STA $C50A
4AB1  A9 01       LDA #$01
4AB3  8D 0D C5    STA $C50D
4AB6  4C BE 4A    JMP map_entity_shown_1_75
4AB9        map_entity_hidden_1_75:
4AB9  A9 00       LDA #$00
4ABB  8D 0D C5    STA $C50D
4ABE        map_entity_shown_1_75:
4ABE        map_entity_project_done_1_75:
4ABE  AD 2A C1    LDA $C12A
4AC1  D0 03       BNE map_entity_enabled_2_78
4AC3  4C 60 4B    JMP map_entity_hidden_2_78
4AC6        map_entity_enabled_2_78:
4AC6  18          CLC
4AC7  AD 20 C1    LDA $C120
4ACA  69 18       ADC #$18
4ACC  8D BD C7    STA $C7BD
4ACF  AD 21 C1    LDA $C121
4AD2  69 00       ADC #$00
4AD4  8D BE C7    STA $C7BE
4AD7  38          SEC
4AD8  AD BD C7    LDA $C7BD
4ADB  ED 34 C1    SBC $C134
4ADE  8D BD C7    STA $C7BD
4AE1  AD BE C7    LDA $C7BE
4AE4  ED 35 C1    SBC $C135
4AE7  8D BE C7    STA $C7BE
4AEA  B0 03       BCS map_entity_x_78_not_before_79
4AEC  4C 60 4B    JMP map_entity_hidden_2_78
4AEF        map_entity_x_78_not_before_79:
4AEF  AD BE C7    LDA $C7BE
4AF2  C9 01       CMP #$01
4AF4  90 0C       BCC map_entity_x_visible_78
4AF6  D0 07       BNE map_entity_x_visible_78_hidden
4AF8  AD BD C7    LDA $C7BD
4AFB  C9 50       CMP #$50
4AFD  90 03       BCC map_entity_x_visible_78
4AFF        map_entity_x_visible_78_hidden:
4AFF  4C 60 4B    JMP map_entity_hidden_2_78
4B02        map_entity_x_visible_78:
4B02  18          CLC
4B03  AD 22 C1    LDA $C122
4B06  69 15       ADC #$15
4B08  8D BB C7    STA $C7BB
4B0B  AD 23 C1    LDA $C123
4B0E  69 00       ADC #$00
4B10  8D BC C7    STA $C7BC
4B13  38          SEC
4B14  AD BB C7    LDA $C7BB
4B17  ED 36 C1    SBC $C136
4B1A  8D BB C7    STA $C7BB
4B1D  AD BC C7    LDA $C7BC
4B20  ED 37 C1    SBC $C137
4B23  8D BC C7    STA $C7BC
4B26  B0 03       BCS map_entity_y_78_not_before_80
4B28  4C 60 4B    JMP map_entity_hidden_2_78
4B2B        map_entity_y_78_not_before_80:
4B2B  AD BC C7    LDA $C7BC
4B2E  C9 00       CMP #$00
4B30  90 0C       BCC map_entity_y_visible_78
4B32  D0 07       BNE map_entity_y_visible_78_hidden
4B34  AD BB C7    LDA $C7BB
4B37  C9 CA       CMP #$CA
4B39  90 03       BCC map_entity_y_visible_78
4B3B        map_entity_y_visible_78_hidden:
4B3B  4C 60 4B    JMP map_entity_hidden_2_78
4B3E        map_entity_y_visible_78:
4B3E  18          CLC
4B3F  AD BD C7    LDA $C7BD
4B42  69 17       ADC #$17
4B44  8D 40 C5    STA $C540
4B47  AD BE C7    LDA $C7BE
4B4A  69 00       ADC #$00
4B4C  8D 41 C5    STA $C541
4B4F  18          CLC
4B50  AD BB C7    LDA $C7BB
4B53  69 1D       ADC #$1D
4B55  8D 42 C5    STA $C542
4B58  A9 01       LDA #$01
4B5A  8D 45 C5    STA $C545
4B5D  4C 65 4B    JMP map_entity_shown_2_78
4B60        map_entity_hidden_2_78:
4B60  A9 00       LDA #$00
4B62  8D 45 C5    STA $C545
4B65        map_entity_shown_2_78:
4B65        map_entity_project_done_2_78:
4B65  AD 0F C1    LDA $C10F
4B68  C9 01       CMP #$01
4B6A  F0 03       BEQ condition_pass_82
4B6C  4C 75 4B    JMP control_if_else_81
4B6F        condition_pass_82:
4B6F  4C 1A 4C    JMP __js_logic_yes_14
4B72  4C 1A 4C    JMP control_if_end_81
4B75        control_if_else_81:
4B75  AD 05 C5    LDA $C505
4B78  D0 03       BNE aabb_a_active_85
4B7A  4C 17 4C    JMP control_if_else_83
4B7D        aabb_a_active_85:
4B7D  AD 0D C5    LDA $C50D
4B80  D0 03       BNE aabb_b_active_86
4B82  4C 17 4C    JMP control_if_else_83
4B85        aabb_b_active_86:
4B85  18          CLC
4B86  AD 00 C5    LDA $C500
4B89  69 04       ADC #$04
4B8B  8D A0 C7    STA $C7A0
4B8E  AD 01 C5    LDA $C501
4B91  69 00       ADC #$00
4B93  8D A1 C7    STA $C7A1
4B96  18          CLC
4B97  AD 00 C5    LDA $C500
4B9A  69 14       ADC #$14
4B9C  8D A2 C7    STA $C7A2
4B9F  AD 01 C5    LDA $C501
4BA2  69 00       ADC #$00
4BA4  8D A3 C7    STA $C7A3
4BA7  18          CLC
4BA8  AD 08 C5    LDA $C508
4BAB  69 04       ADC #$04
4BAD  8D A4 C7    STA $C7A4
4BB0  AD 09 C5    LDA $C509
4BB3  69 00       ADC #$00
4BB5  8D A5 C7    STA $C7A5
4BB8  18          CLC
4BB9  AD 08 C5    LDA $C508
4BBC  69 14       ADC #$14
4BBE  8D A6 C7    STA $C7A6
4BC1  AD 09 C5    LDA $C509
4BC4  69 00       ADC #$00
4BC6  8D A7 C7    STA $C7A7
4BC9  18          CLC
4BCA  AD 02 C5    LDA $C502
4BCD  69 01       ADC #$01
4BCF  8D A8 C7    STA $C7A8
4BD2  A9 00       LDA #$00
4BD4  69 00       ADC #$00
4BD6  8D A9 C7    STA $C7A9
4BD9  18          CLC
4BDA  AD 02 C5    LDA $C502
4BDD  69 15       ADC #$15
4BDF  8D AA C7    STA $C7AA
4BE2  A9 00       LDA #$00
4BE4  69 00       ADC #$00
4BE6  8D AB C7    STA $C7AB
4BE9  18          CLC
4BEA  AD 0A C5    LDA $C50A
4BED  69 02       ADC #$02
4BEF  8D AC C7    STA $C7AC
4BF2  A9 00       LDA #$00
4BF4  69 00       ADC #$00
4BF6  8D AD C7    STA $C7AD
4BF9  18          CLC
4BFA  AD 0A C5    LDA $C50A
4BFD  69 15       ADC #$15
4BFF  8D AE C7    STA $C7AE
4C02  A9 00       LDA #$00
4C04  69 00       ADC #$00
4C06  8D AF C7    STA $C7AF
4C09  20 52 4F    JSR runtime_sprite_aabb_compare
4C0C  D0 03       BNE sprite_aabb_pass_87
4C0E  4C 17 4C    JMP control_if_else_83
4C11        sprite_aabb_pass_87:
4C11  4C 1A 4C    JMP __js_logic_yes_14
4C14  4C 1A 4C    JMP control_if_end_83
4C17        control_if_else_83:
4C17  4C 20 4C    JMP __js_logic_no_15
4C1A        control_if_end_83:
4C1A        control_if_end_81:
4C1A        __js_logic_yes_14:
4C1A  20 7B 45    JSR user_routine___js_respawn_17
4C1D  4C 20 4C    JMP __js_logic_end_16
4C20        __js_logic_no_15:
4C20        __js_logic_end_16:
4C20  AD 03 C1    LDA $C103
4C23  C9 00       CMP #$00
4C25  D0 03       BNE condition_pass_89
4C27  4C 30 4C    JMP control_if_else_88
4C2A        condition_pass_89:
4C2A  4C 11 4D    JMP __js_logic_no_20
4C2D  4C D5 4C    JMP control_if_end_88
4C30        control_if_else_88:
4C30  AD 05 C5    LDA $C505
4C33  D0 03       BNE aabb_a_active_92
4C35  4C D2 4C    JMP control_if_else_90
4C38        aabb_a_active_92:
4C38  AD 45 C5    LDA $C545
4C3B  D0 03       BNE aabb_b_active_93
4C3D  4C D2 4C    JMP control_if_else_90
4C40        aabb_b_active_93:
4C40  18          CLC
4C41  AD 00 C5    LDA $C500
4C44  69 04       ADC #$04
4C46  8D A0 C7    STA $C7A0
4C49  AD 01 C5    LDA $C501
4C4C  69 00       ADC #$00
4C4E  8D A1 C7    STA $C7A1
4C51  18          CLC
4C52  AD 00 C5    LDA $C500
4C55  69 14       ADC #$14
4C57  8D A2 C7    STA $C7A2
4C5A  AD 01 C5    LDA $C501
4C5D  69 00       ADC #$00
4C5F  8D A3 C7    STA $C7A3
4C62  18          CLC
4C63  AD 40 C5    LDA $C540
4C66  69 07       ADC #$07
4C68  8D A4 C7    STA $C7A4
4C6B  AD 41 C5    LDA $C541
4C6E  69 00       ADC #$00
4C70  8D A5 C7    STA $C7A5
4C73  18          CLC
4C74  AD 40 C5    LDA $C540
4C77  69 11       ADC #$11
4C79  8D A6 C7    STA $C7A6
4C7C  AD 41 C5    LDA $C541
4C7F  69 00       ADC #$00
4C81  8D A7 C7    STA $C7A7
4C84  18          CLC
4C85  AD 02 C5    LDA $C502
4C88  69 01       ADC #$01
4C8A  8D A8 C7    STA $C7A8
4C8D  A9 00       LDA #$00
4C8F  69 00       ADC #$00
4C91  8D A9 C7    STA $C7A9
4C94  18          CLC
4C95  AD 02 C5    LDA $C502
4C98  69 15       ADC #$15
4C9A  8D AA C7    STA $C7AA
4C9D  A9 00       LDA #$00
4C9F  69 00       ADC #$00
4CA1  8D AB C7    STA $C7AB
4CA4  18          CLC
4CA5  AD 42 C5    LDA $C542
4CA8  69 03       ADC #$03
4CAA  8D AC C7    STA $C7AC
4CAD  A9 00       LDA #$00
4CAF  69 00       ADC #$00
4CB1  8D AD C7    STA $C7AD
4CB4  18          CLC
4CB5  AD 42 C5    LDA $C542
4CB8  69 0F       ADC #$0F
4CBA  8D AE C7    STA $C7AE
4CBD  A9 00       LDA #$00
4CBF  69 00       ADC #$00
4CC1  8D AF C7    STA $C7AF
4CC4  20 52 4F    JSR runtime_sprite_aabb_compare
4CC7  D0 03       BNE sprite_aabb_pass_94
4CC9  4C D2 4C    JMP control_if_else_90
4CCC        sprite_aabb_pass_94:
4CCC  4C D5 4C    JMP __js_logic_yes_19
4CCF  4C D5 4C    JMP control_if_end_90
4CD2        control_if_else_90:
4CD2  4C 11 4D    JMP __js_logic_no_20
4CD5        control_if_end_90:
4CD5        control_if_end_88:
4CD5        __js_logic_yes_19:
4CD5  A9 01       LDA #$01
4CD7  8D 03 C1    STA $C103
4CDA  A9 00       LDA #$00
4CDC  8D 2A C1    STA $C12A
4CDF  A9 00       LDA #$00
4CE1  8D 45 C5    STA $C545
4CE4  EE 02 C1    INC $C102
4CE7  AD 02 C1    LDA $C102
4CEA  8D 39 C1    STA $C139
4CED  A9 00       LDA #$00
4CEF  8D 3A C1    STA $C13A
4CF2  20 B3 65    JSR api_decimal_convert
4CF5  AD 3F C1    LDA $C13F
4CF8  18          CLC
4CF9  69 30       ADC #$30
4CFB  8D 60 07    STA $0760
4CFE  AD 86 02    LDA $0286
4D01  29 0F       AND #$0F
4D03  8D 60 DB    STA $DB60
4D06  A9 0F       LDA #$0F
4D08  8D 18 D4    STA $D418
4D0B  20 2E 4F    JSR runtime_sid_click
4D0E  4C 11 4D    JMP __js_logic_end_21
4D11        __js_logic_no_20:
4D11        __js_logic_end_21:
4D11  AD 11 C1    LDA $C111
4D14  C9 01       CMP #$01
4D16  F0 03       BEQ condition_pass_96
4D18  4C 80 4D    JMP control_if_else_95
4D1B        condition_pass_96:
4D1B  AD 01 C1    LDA $C101
4D1E  C9 00       CMP #$00
4D20  F0 03       BEQ condition_pass_98
4D22  4C 78 4D    JMP control_if_else_97
4D25        condition_pass_98:
4D25  A9 01       LDA #$01
4D27  8D 01 C1    STA $C101
4D2A  A9 58       LDA #$58
4D2C  8D 04 C1    STA $C104
4D2F  A9 01       LDA #$01
4D31  8D 05 C1    STA $C105
4D34  A9 38       LDA #$38
4D36  8D 06 C1    STA $C106
4D39  A9 00       LDA #$00
4D3B  8D 07 C1    STA $C107
4D3E  A9 00       LDA #$00
4D40  8D 08 C1    STA $C108
4D43  A9 00       LDA #$00
4D45  8D 09 C1    STA $C109
4D48  A9 00       LDA #$00
4D4A  8D 0A C1    STA $C10A
4D4D  A9 00       LDA #$00
4D4F  8D 0B C1    STA $C10B
4D52  A9 00       LDA #$00
4D54  8D 0C C1    STA $C10C
4D57  A9 00       LDA #$00
4D59  8D 0D C1    STA $C10D
4D5C  A9 00       LDA #$00
4D5E  8D 0F C1    STA $C10F
4D61  A9 00       LDA #$00
4D63  8D 10 C1    STA $C110
4D66  A9 00       LDA #$00
4D68  8D 11 C1    STA $C111
4D6B  A9 01       LDA #$01
4D6D  8D 0E C1    STA $C10E
4D70  A9 01       LDA #$01
4D72  8D 05 C5    STA $C505
4D75  4C 7D 4D    JMP control_if_end_97
4D78        control_if_else_97:
4D78  A9 05       LDA #$05
4D7A  8D 20 D0    STA $D020
4D7D        control_if_end_97:
4D7D  4C 80 4D    JMP control_if_end_95
4D80        control_if_else_95:
4D80        control_if_end_95:
4D80        __js_return_8:
4D80  60          RTS
4D81        user_routine___js_update_7_after:
4D81  78          SEI
4D82  A9 7F       LDA #$7F
4D84  8D 0D DC    STA $DC0D
4D87  8D 0D DD    STA $DD0D
4D8A  AD 0D DC    LDA $DC0D
4D8D  AD 0D DD    LDA $DD0D
4D90  A9 00       LDA #$00
4D92  8D FE C0    STA $C0FE
4D95  78          SEI
4D96  A9 01       LDA #$01
4D98  8D 1A D0    STA $D01A
4D9B  A9 01       LDA #$01
4D9D  8D 19 D0    STA $D019
4DA0  A9 1E       LDA #$1E
4DA2  8D 12 D0    STA $D012
4DA5  AD 11 D0    LDA $D011
4DA8  29 7F       AND #$7F
4DAA  8D 11 D0    STA $D011
4DAD  A9 BB       LDA #<irq_dispatch
4DAF  8D 14 03    STA $0314
4DB2  A9 4D       LDA #>irq_dispatch
4DB4  8D 15 03    STA $0315
4DB7  58          CLI
4DB8  4C 85 4E    JMP program_end
            ; Raster IRQ dispatcher
4DBB        irq_dispatch:
4DBB  48          PHA
4DBC  8A          TXA
4DBD  48          PHA
4DBE  98          TYA
4DBF  48          PHA
4DC0  AD 19 D0    LDA $D019
4DC3  29 01       AND #$01
4DC5  D0 0E       BNE irq_dispatch_vic_raster
4DC7  AD 0D DC    LDA $DC0D
4DCA  AD 0D DD    LDA $DD0D
4DCD  68          PLA
4DCE  A8          TAY
4DCF  68          PLA
4DD0  AA          TAX
4DD1  68          PLA
4DD2  4C 81 EA    JMP $EA81
4DD5        irq_dispatch_vic_raster:
4DD5  A9 01       LDA #$01
4DD7  8D 19 D0    STA $D019
4DDA  AD FE C0    LDA $C0FE
4DDD  C9 00       CMP #$00
4DDF  F0 03       BEQ irq_dispatch_match_0
4DE1  4C E7 4D    JMP irq_dispatch_next_0
4DE4        irq_dispatch_match_0:
4DE4  4C 08 4E    JMP irq_handler_0
4DE7        irq_dispatch_next_0:
4DE7  C9 01       CMP #$01
4DE9  F0 03       BEQ irq_dispatch_match_1
4DEB  4C F1 4D    JMP irq_dispatch_next_1
4DEE        irq_dispatch_match_1:
4DEE  4C 2A 4E    JMP irq_handler_1
4DF1        irq_dispatch_next_1:
4DF1  C9 02       CMP #$02
4DF3  F0 03       BEQ irq_dispatch_match_2
4DF5  4C FB 4D    JMP irq_dispatch_next_2
4DF8        irq_dispatch_match_2:
4DF8  4C 47 4E    JMP irq_handler_2
4DFB        irq_dispatch_next_2:
4DFB  C9 03       CMP #$03
4DFD  F0 03       BEQ irq_dispatch_match_3
4DFF  4C 05 4E    JMP irq_dispatch_next_3
4E02        irq_dispatch_match_3:
4E02  4C 68 4E    JMP irq_handler_3
4E05        irq_dispatch_next_3:
4E05  4C 08 4E    JMP irq_handler_0
4E08        irq_handler_0:
4E08  20 EA 55    JSR runtime_map_scroll_apply_0
4E0B  A9 01       LDA #$01
4E0D  8D 7E C7    STA $C77E
4E10  A9 01       LDA #$01
4E12  8D FE C0    STA $C0FE
4E15  A9 D2       LDA #$D2
4E17  8D 12 D0    STA $D012
4E1A  AD 11 D0    LDA $D011
4E1D  29 7F       AND #$7F
4E1F  8D 11 D0    STA $D011
4E22  68          PLA
4E23  A8          TAY
4E24  68          PLA
4E25  AA          TAX
4E26  68          PLA
4E27  4C 81 EA    JMP $EA81
4E2A        irq_handler_1:
4E2A  20 F7 55    JSR runtime_map_scroll_leave_0
4E2D  A9 02       LDA #$02
4E2F  8D FE C0    STA $C0FE
4E32  A9 FA       LDA #$FA
4E34  8D 12 D0    STA $D012
4E37  AD 11 D0    LDA $D011
4E3A  29 7F       AND #$7F
4E3C  8D 11 D0    STA $D011
4E3F  68          PLA
4E40  A8          TAY
4E41  68          PLA
4E42  AA          TAX
4E43  68          PLA
4E44  4C 81 EA    JMP $EA81
4E47        irq_handler_2:
4E47  A9 00       LDA #$00
4E49  8D 21 D0    STA $D021
4E4C        __js_callback_end_4:
4E4C  A9 03       LDA #$03
4E4E  8D FE C0    STA $C0FE
4E51  A9 00       LDA #$00
4E53  8D 12 D0    STA $D012
4E56  AD 11 D0    LDA $D011
4E59  29 7F       AND #$7F
4E5B  09 80       ORA #$80
4E5D  8D 11 D0    STA $D011
4E60  68          PLA
4E61  A8          TAY
4E62  68          PLA
4E63  AA          TAX
4E64  68          PLA
4E65  4C 81 EA    JMP $EA81
4E68        irq_handler_3:
4E68  20 A3 50    JSR runtime_sprite_mux_present
4E6B  A9 00       LDA #$00
4E6D  8D FE C0    STA $C0FE
4E70  A9 1E       LDA #$1E
4E72  8D 12 D0    STA $D012
4E75  AD 11 D0    LDA $D011
4E78  29 7F       AND #$7F
4E7A  8D 11 D0    STA $D011
4E7D  68          PLA
4E7E  A8          TAY
4E7F  68          PLA
4E80  AA          TAX
4E81  68          PLA
4E82  4C 81 EA    JMP $EA81
4E85        program_end:
            ; Deterministic game frame loop
4E85  A9 00       LDA #$00
4E87  8D 6A C7    STA $C76A
4E8A  A9 00       LDA #$00
4E8C  8D 6B C7    STA $C76B
4E8F  A9 00       LDA #$00
4E91  8D 70 C7    STA $C770
4E94  A9 FF       LDA #$FF
4E96  8D 67 C7    STA $C767
4E99  A9 FF       LDA #$FF
4E9B  8D 69 C7    STA $C769
4E9E  A9 3C       LDA #$3C
4EA0  8D 6F C7    STA $C76F
4EA3        game_video_detect_low:
4EA3  AD 11 D0    LDA $D011
4EA6  30 FB       BMI game_video_detect_low
4EA8        game_video_detect_high:
4EA8  AD 11 D0    LDA $D011
4EAB  10 FB       BPL game_video_detect_high
4EAD        game_video_detect_scan:
4EAD  AD 11 D0    LDA $D011
4EB0  10 0F       BPL game_video_detect_done
4EB2  AD 12 D0    LDA $D012
4EB5  C9 20       CMP #$20
4EB7  B0 03       BCS game_video_detect_pal
4EB9  4C AD 4E    JMP game_video_detect_scan
4EBC        game_video_detect_pal:
4EBC  A9 32       LDA #$32
4EBE  8D 6F C7    STA $C76F
4EC1        game_video_detect_done:
4EC1        game_frame_loop:
4EC1        game_frame_wait_leave:
4EC1  AD 7E C7    LDA $C77E
4EC4  F0 FB       BEQ game_frame_wait_leave
4EC6  A9 00       LDA #$00
4EC8  8D 7E C7    STA $C77E
4ECB        game_frame_target_reached:
4ECB  18          CLC
4ECC  AD 70 C7    LDA $C770
4ECF  69 32       ADC #$32
4ED1  8D 70 C7    STA $C770
4ED4  CD 6F C7    CMP $C76F
4ED7  B0 03       BCS game_frame_logical_tick
4ED9  4C C1 4E    JMP game_frame_loop
4EDC        game_frame_logical_tick:
4EDC  38          SEC
4EDD  AD 70 C7    LDA $C770
4EE0  ED 6F C7    SBC $C76F
4EE3  8D 70 C7    STA $C770
4EE6  AD 67 C7    LDA $C767
4EE9  8D 69 C7    STA $C769
4EEC  AD 00 DC    LDA $DC00
4EEF  8D 67 C7    STA $C767
4EF2  EE 6A C7    INC $C76A
4EF5  D0 03       BNE game_frame_counter_done_99
4EF7  EE 6B C7    INC $C76B
4EFA        game_frame_counter_done_99:
4EFA  A9 00       LDA #$00
4EFC  8D 9B C5    STA $C59B
4EFF  20 2A 46    JSR user_routine___js_update_7
4F02  A9 01       LDA #$01
4F04  8D 9B C5    STA $C59B
4F07  AD 38 C1    LDA $C138
4F0A  F0 1A       BEQ map_scroll_deferred_done_0
4F0C        map_scroll_deferred_wait_0:
4F0C  AD 11 D0    LDA $D011
4F0F  30 07       BMI map_scroll_deferred_ready_0
4F11  AD 12 D0    LDA $D012
4F14  C9 D6       CMP #$D6
4F16  90 F4       BCC map_scroll_deferred_wait_0
4F18        map_scroll_deferred_ready_0:
4F18  AD 38 C1    LDA $C138
4F1B  30 06       BMI map_scroll_deferred_right_0
4F1D  20 05 56    JSR runtime_map_scroll_shift_left_0
4F20  4C 26 4F    JMP map_scroll_deferred_done_0
4F23        map_scroll_deferred_right_0:
4F23  20 BB 5F    JSR runtime_map_scroll_shift_right_0
4F26        map_scroll_deferred_done_0:
4F26  A9 00       LDA #$00
4F28  8D 38 C1    STA $C138
4F2B  4C C1 4E    JMP game_frame_loop
            ; Shared non-blocking SID click
4F2E        runtime_sid_click:
4F2E  A9 00       LDA #$00
4F30  8D 04 D4    STA $D404
4F33  A9 10       LDA #$10
4F35  8D 04 D4    STA $D404
4F38  A9 00       LDA #$00
4F3A  8D 05 D4    STA $D405
4F3D  A9 00       LDA #$00
4F3F  8D 06 D4    STA $D406
4F42  A9 39       LDA #$39
4F44  8D 00 D4    STA $D400
4F47  A9 8B       LDA #$8B
4F49  8D 01 D4    STA $D401
4F4C  A9 11       LDA #$11
4F4E  8D 04 D4    STA $D404
4F51  60          RTS
            ; Shared strict AABB bounds comparison
4F52        runtime_sprite_aabb_compare:
4F52  AD A3 C7    LDA $C7A3
4F55  CD A5 C7    CMP $C7A5
4F58  F0 05       BEQ aabb_high_equal_runtime_0
4F5A  B0 13       BCS aabb_greater_runtime_0
4F5C  4C C9 4F    JMP runtime_sprite_aabb_false
4F5F        aabb_high_equal_runtime_0:
4F5F  AD A2 C7    LDA $C7A2
4F62  CD A4 C7    CMP $C7A4
4F65  D0 03       BNE aabb_low_not_equal_runtime_0
4F67  4C C9 4F    JMP runtime_sprite_aabb_false
4F6A        aabb_low_not_equal_runtime_0:
4F6A  B0 03       BCS aabb_greater_runtime_0
4F6C  4C C9 4F    JMP runtime_sprite_aabb_false
4F6F        aabb_greater_runtime_0:
4F6F  AD A7 C7    LDA $C7A7
4F72  CD A1 C7    CMP $C7A1
4F75  F0 05       BEQ aabb_high_equal_runtime_1
4F77  B0 13       BCS aabb_greater_runtime_1
4F79  4C C9 4F    JMP runtime_sprite_aabb_false
4F7C        aabb_high_equal_runtime_1:
4F7C  AD A6 C7    LDA $C7A6
4F7F  CD A0 C7    CMP $C7A0
4F82  D0 03       BNE aabb_low_not_equal_runtime_1
4F84  4C C9 4F    JMP runtime_sprite_aabb_false
4F87        aabb_low_not_equal_runtime_1:
4F87  B0 03       BCS aabb_greater_runtime_1
4F89  4C C9 4F    JMP runtime_sprite_aabb_false
4F8C        aabb_greater_runtime_1:
4F8C  AD AB C7    LDA $C7AB
4F8F  CD AD C7    CMP $C7AD
4F92  F0 05       BEQ aabb_high_equal_runtime_2
4F94  B0 13       BCS aabb_greater_runtime_2
4F96  4C C9 4F    JMP runtime_sprite_aabb_false
4F99        aabb_high_equal_runtime_2:
4F99  AD AA C7    LDA $C7AA
4F9C  CD AC C7    CMP $C7AC
4F9F  D0 03       BNE aabb_low_not_equal_runtime_2
4FA1  4C C9 4F    JMP runtime_sprite_aabb_false
4FA4        aabb_low_not_equal_runtime_2:
4FA4  B0 03       BCS aabb_greater_runtime_2
4FA6  4C C9 4F    JMP runtime_sprite_aabb_false
4FA9        aabb_greater_runtime_2:
4FA9  AD AF C7    LDA $C7AF
4FAC  CD A9 C7    CMP $C7A9
4FAF  F0 05       BEQ aabb_high_equal_runtime_3
4FB1  B0 13       BCS aabb_greater_runtime_3
4FB3  4C C9 4F    JMP runtime_sprite_aabb_false
4FB6        aabb_high_equal_runtime_3:
4FB6  AD AE C7    LDA $C7AE
4FB9  CD A8 C7    CMP $C7A8
4FBC  D0 03       BNE aabb_low_not_equal_runtime_3
4FBE  4C C9 4F    JMP runtime_sprite_aabb_false
4FC1        aabb_low_not_equal_runtime_3:
4FC1  B0 03       BCS aabb_greater_runtime_3
4FC3  4C C9 4F    JMP runtime_sprite_aabb_false
4FC6        aabb_greater_runtime_3:
4FC6  A9 01       LDA #$01
4FC8  60          RTS
4FC9        runtime_sprite_aabb_false:
4FC9  A9 00       LDA #$00
4FCB  60          RTS
            ; Copy one logical sprite to one VIC-II hardware channel
4FCC        runtime_sprite_mux_draw:
4FCC  8E 95 C5    STX $C595
4FCF  8C 97 C5    STY $C597
4FD2  8A          TXA
4FD3  0A          ASL A
4FD4  AA          TAX
4FD5  B9 00 C5    LDA $C500,Y
4FD8  9D 00 D0    STA $D000,X
4FDB  AE 95 C5    LDX $C595
4FDE  BD D8 50    LDA runtime_sprite_mux_bit_masks,X
4FE1  8D 99 C5    STA $C599
4FE4  BD E0 50    LDA runtime_sprite_mux_inverse_masks,X
4FE7  8D 9A C5    STA $C59A
4FEA  B9 04 C4    LDA $C404,Y
4FED  9D F8 07    STA $07F8,X
4FF0  B9 05 C4    LDA $C405,Y
4FF3  9D 27 D0    STA $D027,X
4FF6  AD 15 D0    LDA $D015
4FF9  0D 99 C5    ORA $C599
4FFC  8D 15 D0    STA $D015
4FFF  B9 01 C5    LDA $C501,Y
5002  29 01       AND #$01
5004  F0 08       BEQ runtime_sprite_mux_x_low
5006  AD 10 D0    LDA $D010
5009  0D 99 C5    ORA $C599
500C  D0 06       BNE runtime_sprite_mux_x_low_store
500E        runtime_sprite_mux_x_low:
500E  AD 10 D0    LDA $D010
5011  2D 9A C5    AND $C59A
5014        runtime_sprite_mux_x_low_store:
5014  8D 10 D0    STA $D010
5017  B9 06 C4    LDA $C406,Y
501A  29 01       AND #$01
501C  F0 08       BEQ runtime_sprite_mux_no_multicolor
501E  AD 1C D0    LDA $D01C
5021  0D 99 C5    ORA $C599
5024  D0 06       BNE runtime_sprite_mux_no_multicolor_store
5026        runtime_sprite_mux_no_multicolor:
5026  AD 1C D0    LDA $D01C
5029  2D 9A C5    AND $C59A
502C        runtime_sprite_mux_no_multicolor_store:
502C  8D 1C D0    STA $D01C
502F  B9 06 C4    LDA $C406,Y
5032  29 02       AND #$02
5034  F0 08       BEQ runtime_sprite_mux_no_expand_x
5036  AD 1D D0    LDA $D01D
5039  0D 99 C5    ORA $C599
503C  D0 06       BNE runtime_sprite_mux_no_expand_x_store
503E        runtime_sprite_mux_no_expand_x:
503E  AD 1D D0    LDA $D01D
5041  2D 9A C5    AND $C59A
5044        runtime_sprite_mux_no_expand_x_store:
5044  8D 1D D0    STA $D01D
5047  B9 06 C4    LDA $C406,Y
504A  29 04       AND #$04
504C  F0 08       BEQ runtime_sprite_mux_no_expand_y
504E  AD 17 D0    LDA $D017
5051  0D 99 C5    ORA $C599
5054  D0 06       BNE runtime_sprite_mux_no_expand_y_store
5056        runtime_sprite_mux_no_expand_y:
5056  AD 17 D0    LDA $D017
5059  2D 9A C5    AND $C59A
505C        runtime_sprite_mux_no_expand_y_store:
505C  8D 17 D0    STA $D017
505F  B9 06 C4    LDA $C406,Y
5062  29 08       AND #$08
5064  F0 08       BEQ runtime_sprite_mux_no_priority
5066  AD 1B D0    LDA $D01B
5069  0D 99 C5    ORA $C599
506C  D0 06       BNE runtime_sprite_mux_no_priority_store
506E        runtime_sprite_mux_no_priority:
506E  AD 1B D0    LDA $D01B
5071  2D 9A C5    AND $C59A
5074        runtime_sprite_mux_no_priority_store:
5074  8D 1B D0    STA $D01B
5077  AE 95 C5    LDX $C595
507A  8A          TXA
507B  0A          ASL A
507C  AA          TAX
507D  B9 02 C5    LDA $C502,Y
5080  9D 01 D0    STA $D001,X
5083  AE 95 C5    LDX $C595
5086  AC 97 C5    LDY $C597
5089  B9 06 C4    LDA $C406,Y
508C  29 04       AND #$04
508E  F0 05       BEQ runtime_sprite_mux_normal_height
5090  A9 2D       LDA #$2D
5092  4C 97 50    JMP runtime_sprite_mux_add_height
5095        runtime_sprite_mux_normal_height:
5095  A9 18       LDA #$18
5097        runtime_sprite_mux_add_height:
5097  18          CLC
5098  79 02 C5    ADC $C502,Y
509B  90 02       BCC runtime_sprite_mux_end_ready
509D  A9 FF       LDA #$FF
509F        runtime_sprite_mux_end_ready:
509F  9D A0 C5    STA $C5A0,X
50A2  60          RTS
50A3        runtime_sprite_mux_present:
50A3  AD 9B C5    LDA $C59B
50A6  D0 01       BNE runtime_sprite_mux_present_ready
50A8  60          RTS
50A9        runtime_sprite_mux_present_ready:
50A9  A9 00       LDA #$00
50AB  8D 15 D0    STA $D015
50AE  A0 00       LDY #$00
50B0  B9 05 C5    LDA $C505,Y
50B3  F0 05       BEQ runtime_sprite_mux_present_next_0
50B5  A2 00       LDX #$00
50B7  20 CC 4F    JSR runtime_sprite_mux_draw
50BA        runtime_sprite_mux_present_next_0:
50BA  A0 08       LDY #$08
50BC  B9 05 C5    LDA $C505,Y
50BF  F0 05       BEQ runtime_sprite_mux_present_next_1
50C1  A2 01       LDX #$01
50C3  20 CC 4F    JSR runtime_sprite_mux_draw
50C6        runtime_sprite_mux_present_next_1:
50C6  A0 40       LDY #$40
50C8  B9 05 C5    LDA $C505,Y
50CB  F0 05       BEQ runtime_sprite_mux_present_next_8
50CD  A2 02       LDX #$02
50CF  20 CC 4F    JSR runtime_sprite_mux_draw
50D2        runtime_sprite_mux_present_next_8:
50D2  A9 00       LDA #$00
50D4  8D 9B C5    STA $C59B
50D7        runtime_sprite_mux_present_done:
50D7  60          RTS
50D8        runtime_sprite_mux_bit_masks:
50D8  01 02 04 08 10 20 40 80 .byte $01, $02, $04, $08, $10, $20, $40, $80
50E0        runtime_sprite_mux_inverse_masks:
50E0  FE FD FB F7 EF DF BF 7F .byte $FE, $FD, $FB, $F7, $EF, $DF, $BF, $7F
            ; Map entity 0: pixel-stepped X/Y tile collision
50E8        runtime_map_entity_move_0:
50E8  A9 00       LDA #$00
50EA  8D 0A C1    STA $C10A
50ED  A9 00       LDA #$00
50EF  8D 0B C1    STA $C10B
50F2  A9 00       LDA #$00
50F4  8D 0C C1    STA $C10C
50F7  A9 00       LDA #$00
50F9  8D 0D C1    STA $C10D
50FC  A9 00       LDA #$00
50FE  8D 0F C1    STA $C10F
5101  A9 00       LDA #$00
5103  8D 10 C1    STA $C110
5106  A9 00       LDA #$00
5108  8D 11 C1    STA $C111
510B  A9 00       LDA #$00
510D  8D C9 C7    STA $C7C9
5110  AD 08 C1    LDA $C108
5113  D0 03       BNE runtime_map_entity_0_x_has_velocity
5115  4C 7D 52    JMP runtime_map_entity_0_x_done
5118        runtime_map_entity_0_x_has_velocity:
5118  10 03       BPL runtime_map_entity_0_x_positive
511A  4C CC 51    JMP runtime_map_entity_0_x_negative
511D        runtime_map_entity_0_x_positive:
511D  AD 08 C1    LDA $C108
5120  C9 09       CMP #$09
5122  90 02       BCC runtime_map_entity_0_x_positive_count_store
5124  A9 08       LDA #$08
5126        runtime_map_entity_0_x_positive_count_store:
5126  8D C8 C7    STA $C7C8
5129        runtime_map_entity_0_x_positive_loop:
5129  EE 04 C1    INC $C104
512C  D0 03       BNE runtime_map_entity_0_x_positive_step_done
512E  EE 05 C1    INC $C105
5131        runtime_map_entity_0_x_positive_step_done:
5131  18          CLC
5132  AD 04 C1    LDA $C104
5135  69 13       ADC #$13
5137  8D C4 C7    STA $C7C4
513A  AD 05 C1    LDA $C105
513D  69 00       ADC #$00
513F  8D C5 C7    STA $C7C5
5142  18          CLC
5143  AD 06 C1    LDA $C106
5146  69 01       ADC #$01
5148  8D C6 C7    STA $C7C6
514B  AD 07 C1    LDA $C107
514E  69 00       ADC #$00
5150  8D C7 C7    STA $C7C7
5153  20 16 55    JSR runtime_map_entity_point_solid_0
5156  F0 03       BEQ runtime_map_entity_0_x_positive_sample_0_clear
5158  4C B4 51    JMP runtime_map_entity_0_x_positive_hit
515B        runtime_map_entity_0_x_positive_sample_0_clear:
515B  18          CLC
515C  AD 06 C1    LDA $C106
515F  69 09       ADC #$09
5161  8D C6 C7    STA $C7C6
5164  AD 07 C1    LDA $C107
5167  69 00       ADC #$00
5169  8D C7 C7    STA $C7C7
516C  20 16 55    JSR runtime_map_entity_point_solid_0
516F  F0 03       BEQ runtime_map_entity_0_x_positive_sample_1_clear
5171  4C B4 51    JMP runtime_map_entity_0_x_positive_hit
5174        runtime_map_entity_0_x_positive_sample_1_clear:
5174  18          CLC
5175  AD 06 C1    LDA $C106
5178  69 11       ADC #$11
517A  8D C6 C7    STA $C7C6
517D  AD 07 C1    LDA $C107
5180  69 00       ADC #$00
5182  8D C7 C7    STA $C7C7
5185  20 16 55    JSR runtime_map_entity_point_solid_0
5188  F0 03       BEQ runtime_map_entity_0_x_positive_sample_2_clear
518A  4C B4 51    JMP runtime_map_entity_0_x_positive_hit
518D        runtime_map_entity_0_x_positive_sample_2_clear:
518D  18          CLC
518E  AD 06 C1    LDA $C106
5191  69 14       ADC #$14
5193  8D C6 C7    STA $C7C6
5196  AD 07 C1    LDA $C107
5199  69 00       ADC #$00
519B  8D C7 C7    STA $C7C7
519E  20 16 55    JSR runtime_map_entity_point_solid_0
51A1  F0 03       BEQ runtime_map_entity_0_x_positive_sample_3_clear
51A3  4C B4 51    JMP runtime_map_entity_0_x_positive_hit
51A6        runtime_map_entity_0_x_positive_sample_3_clear:
51A6  CE C8 C7    DEC $C7C8
51A9  AD C8 C7    LDA $C7C8
51AC  F0 03       BEQ runtime_map_entity_0_x_positive_done
51AE  4C 29 51    JMP runtime_map_entity_0_x_positive_loop
51B1        runtime_map_entity_0_x_positive_done:
51B1  4C 7D 52    JMP runtime_map_entity_0_x_done
51B4        runtime_map_entity_0_x_positive_hit:
51B4  AD 04 C1    LDA $C104
51B7  D0 03       BNE runtime_map_entity_0_x_positive_undo_low
51B9  CE 05 C1    DEC $C105
51BC        runtime_map_entity_0_x_positive_undo_low:
51BC  CE 04 C1    DEC $C104
51BF  A9 01       LDA #$01
51C1  8D 0D C1    STA $C10D
51C4  A9 00       LDA #$00
51C6  8D 08 C1    STA $C108
51C9  4C 7D 52    JMP runtime_map_entity_0_x_done
51CC        runtime_map_entity_0_x_negative:
51CC  AD 08 C1    LDA $C108
51CF  49 FF       EOR #$FF
51D1  18          CLC
51D2  69 01       ADC #$01
51D4  C9 09       CMP #$09
51D6  90 02       BCC runtime_map_entity_0_x_negative_count_store
51D8  A9 08       LDA #$08
51DA        runtime_map_entity_0_x_negative_count_store:
51DA  8D C8 C7    STA $C7C8
51DD        runtime_map_entity_0_x_negative_loop:
51DD  AD 04 C1    LDA $C104
51E0  D0 03       BNE runtime_map_entity_0_x_negative_step_low
51E2  CE 05 C1    DEC $C105
51E5        runtime_map_entity_0_x_negative_step_low:
51E5  CE 04 C1    DEC $C104
51E8  18          CLC
51E9  AD 04 C1    LDA $C104
51EC  69 04       ADC #$04
51EE  8D C4 C7    STA $C7C4
51F1  AD 05 C1    LDA $C105
51F4  69 00       ADC #$00
51F6  8D C5 C7    STA $C7C5
51F9  18          CLC
51FA  AD 06 C1    LDA $C106
51FD  69 01       ADC #$01
51FF  8D C6 C7    STA $C7C6
5202  AD 07 C1    LDA $C107
5205  69 00       ADC #$00
5207  8D C7 C7    STA $C7C7
520A  20 16 55    JSR runtime_map_entity_point_solid_0
520D  F0 03       BEQ runtime_map_entity_0_x_negative_sample_0_clear
520F  4C 6B 52    JMP runtime_map_entity_0_x_negative_hit
5212        runtime_map_entity_0_x_negative_sample_0_clear:
5212  18          CLC
5213  AD 06 C1    LDA $C106
5216  69 09       ADC #$09
5218  8D C6 C7    STA $C7C6
521B  AD 07 C1    LDA $C107
521E  69 00       ADC #$00
5220  8D C7 C7    STA $C7C7
5223  20 16 55    JSR runtime_map_entity_point_solid_0
5226  F0 03       BEQ runtime_map_entity_0_x_negative_sample_1_clear
5228  4C 6B 52    JMP runtime_map_entity_0_x_negative_hit
522B        runtime_map_entity_0_x_negative_sample_1_clear:
522B  18          CLC
522C  AD 06 C1    LDA $C106
522F  69 11       ADC #$11
5231  8D C6 C7    STA $C7C6
5234  AD 07 C1    LDA $C107
5237  69 00       ADC #$00
5239  8D C7 C7    STA $C7C7
523C  20 16 55    JSR runtime_map_entity_point_solid_0
523F  F0 03       BEQ runtime_map_entity_0_x_negative_sample_2_clear
5241  4C 6B 52    JMP runtime_map_entity_0_x_negative_hit
5244        runtime_map_entity_0_x_negative_sample_2_clear:
5244  18          CLC
5245  AD 06 C1    LDA $C106
5248  69 14       ADC #$14
524A  8D C6 C7    STA $C7C6
524D  AD 07 C1    LDA $C107
5250  69 00       ADC #$00
5252  8D C7 C7    STA $C7C7
5255  20 16 55    JSR runtime_map_entity_point_solid_0
5258  F0 03       BEQ runtime_map_entity_0_x_negative_sample_3_clear
525A  4C 6B 52    JMP runtime_map_entity_0_x_negative_hit
525D        runtime_map_entity_0_x_negative_sample_3_clear:
525D  CE C8 C7    DEC $C7C8
5260  AD C8 C7    LDA $C7C8
5263  F0 03       BEQ runtime_map_entity_0_x_negative_done
5265  4C DD 51    JMP runtime_map_entity_0_x_negative_loop
5268        runtime_map_entity_0_x_negative_done:
5268  4C 7D 52    JMP runtime_map_entity_0_x_done
526B        runtime_map_entity_0_x_negative_hit:
526B  EE 04 C1    INC $C104
526E  D0 03       BNE runtime_map_entity_0_x_negative_undo_done
5270  EE 05 C1    INC $C105
5273        runtime_map_entity_0_x_negative_undo_done:
5273  A9 01       LDA #$01
5275  8D 0C C1    STA $C10C
5278  A9 00       LDA #$00
527A  8D 08 C1    STA $C108
527D        runtime_map_entity_0_x_done:
527D  AD 09 C1    LDA $C109
5280  D0 03       BNE runtime_map_entity_0_y_has_velocity
5282  4C C2 53    JMP runtime_map_entity_0_y_done
5285        runtime_map_entity_0_y_has_velocity:
5285  10 03       BPL runtime_map_entity_0_y_positive
5287  4C 25 53    JMP runtime_map_entity_0_y_negative
528A        runtime_map_entity_0_y_positive:
528A  A9 01       LDA #$01
528C  8D C9 C7    STA $C7C9
528F  AD 09 C1    LDA $C109
5292  C9 09       CMP #$09
5294  90 02       BCC runtime_map_entity_0_y_positive_count_store
5296  A9 08       LDA #$08
5298        runtime_map_entity_0_y_positive_count_store:
5298  8D C8 C7    STA $C7C8
529B        runtime_map_entity_0_y_positive_loop:
529B  EE 06 C1    INC $C106
529E  D0 03       BNE runtime_map_entity_0_y_positive_step_done
52A0  EE 07 C1    INC $C107
52A3        runtime_map_entity_0_y_positive_step_done:
52A3  18          CLC
52A4  AD 06 C1    LDA $C106
52A7  69 14       ADC #$14
52A9  8D C6 C7    STA $C7C6
52AC  AD 07 C1    LDA $C107
52AF  69 00       ADC #$00
52B1  8D C7 C7    STA $C7C7
52B4  18          CLC
52B5  AD 04 C1    LDA $C104
52B8  69 04       ADC #$04
52BA  8D C4 C7    STA $C7C4
52BD  AD 05 C1    LDA $C105
52C0  69 00       ADC #$00
52C2  8D C5 C7    STA $C7C5
52C5  20 16 55    JSR runtime_map_entity_point_solid_0
52C8  F0 03       BEQ runtime_map_entity_0_y_positive_sample_0_clear
52CA  4C 0D 53    JMP runtime_map_entity_0_y_positive_hit
52CD        runtime_map_entity_0_y_positive_sample_0_clear:
52CD  18          CLC
52CE  AD 04 C1    LDA $C104
52D1  69 0C       ADC #$0C
52D3  8D C4 C7    STA $C7C4
52D6  AD 05 C1    LDA $C105
52D9  69 00       ADC #$00
52DB  8D C5 C7    STA $C7C5
52DE  20 16 55    JSR runtime_map_entity_point_solid_0
52E1  F0 03       BEQ runtime_map_entity_0_y_positive_sample_1_clear
52E3  4C 0D 53    JMP runtime_map_entity_0_y_positive_hit
52E6        runtime_map_entity_0_y_positive_sample_1_clear:
52E6  18          CLC
52E7  AD 04 C1    LDA $C104
52EA  69 13       ADC #$13
52EC  8D C4 C7    STA $C7C4
52EF  AD 05 C1    LDA $C105
52F2  69 00       ADC #$00
52F4  8D C5 C7    STA $C7C5
52F7  20 16 55    JSR runtime_map_entity_point_solid_0
52FA  F0 03       BEQ runtime_map_entity_0_y_positive_sample_2_clear
52FC  4C 0D 53    JMP runtime_map_entity_0_y_positive_hit
52FF        runtime_map_entity_0_y_positive_sample_2_clear:
52FF  CE C8 C7    DEC $C7C8
5302  AD C8 C7    LDA $C7C8
5305  F0 03       BEQ runtime_map_entity_0_y_positive_done
5307  4C 9B 52    JMP runtime_map_entity_0_y_positive_loop
530A        runtime_map_entity_0_y_positive_done:
530A  4C C2 53    JMP runtime_map_entity_0_y_done
530D        runtime_map_entity_0_y_positive_hit:
530D  AD 06 C1    LDA $C106
5310  D0 03       BNE runtime_map_entity_0_y_positive_undo_low
5312  CE 07 C1    DEC $C107
5315        runtime_map_entity_0_y_positive_undo_low:
5315  CE 06 C1    DEC $C106
5318  A9 01       LDA #$01
531A  8D 0A C1    STA $C10A
531D  A9 00       LDA #$00
531F  8D 09 C1    STA $C109
5322  4C C2 53    JMP runtime_map_entity_0_y_done
5325        runtime_map_entity_0_y_negative:
5325  A9 00       LDA #$00
5327  8D C9 C7    STA $C7C9
532A  AD 09 C1    LDA $C109
532D  49 FF       EOR #$FF
532F  18          CLC
5330  69 01       ADC #$01
5332  C9 09       CMP #$09
5334  90 02       BCC runtime_map_entity_0_y_negative_count_store
5336  A9 08       LDA #$08
5338        runtime_map_entity_0_y_negative_count_store:
5338  8D C8 C7    STA $C7C8
533B        runtime_map_entity_0_y_negative_loop:
533B  AD 06 C1    LDA $C106
533E  D0 03       BNE runtime_map_entity_0_y_negative_step_low
5340  CE 07 C1    DEC $C107
5343        runtime_map_entity_0_y_negative_step_low:
5343  CE 06 C1    DEC $C106
5346  18          CLC
5347  AD 06 C1    LDA $C106
534A  69 01       ADC #$01
534C  8D C6 C7    STA $C7C6
534F  AD 07 C1    LDA $C107
5352  69 00       ADC #$00
5354  8D C7 C7    STA $C7C7
5357  18          CLC
5358  AD 04 C1    LDA $C104
535B  69 04       ADC #$04
535D  8D C4 C7    STA $C7C4
5360  AD 05 C1    LDA $C105
5363  69 00       ADC #$00
5365  8D C5 C7    STA $C7C5
5368  20 16 55    JSR runtime_map_entity_point_solid_0
536B  F0 03       BEQ runtime_map_entity_0_y_negative_sample_0_clear
536D  4C B0 53    JMP runtime_map_entity_0_y_negative_hit
5370        runtime_map_entity_0_y_negative_sample_0_clear:
5370  18          CLC
5371  AD 04 C1    LDA $C104
5374  69 0C       ADC #$0C
5376  8D C4 C7    STA $C7C4
5379  AD 05 C1    LDA $C105
537C  69 00       ADC #$00
537E  8D C5 C7    STA $C7C5
5381  20 16 55    JSR runtime_map_entity_point_solid_0
5384  F0 03       BEQ runtime_map_entity_0_y_negative_sample_1_clear
5386  4C B0 53    JMP runtime_map_entity_0_y_negative_hit
5389        runtime_map_entity_0_y_negative_sample_1_clear:
5389  18          CLC
538A  AD 04 C1    LDA $C104
538D  69 13       ADC #$13
538F  8D C4 C7    STA $C7C4
5392  AD 05 C1    LDA $C105
5395  69 00       ADC #$00
5397  8D C5 C7    STA $C7C5
539A  20 16 55    JSR runtime_map_entity_point_solid_0
539D  F0 03       BEQ runtime_map_entity_0_y_negative_sample_2_clear
539F  4C B0 53    JMP runtime_map_entity_0_y_negative_hit
53A2        runtime_map_entity_0_y_negative_sample_2_clear:
53A2  CE C8 C7    DEC $C7C8
53A5  AD C8 C7    LDA $C7C8
53A8  F0 03       BEQ runtime_map_entity_0_y_negative_done
53AA  4C 3B 53    JMP runtime_map_entity_0_y_negative_loop
53AD        runtime_map_entity_0_y_negative_done:
53AD  4C C2 53    JMP runtime_map_entity_0_y_done
53B0        runtime_map_entity_0_y_negative_hit:
53B0  EE 06 C1    INC $C106
53B3  D0 03       BNE runtime_map_entity_0_y_negative_undo_done
53B5  EE 07 C1    INC $C107
53B8        runtime_map_entity_0_y_negative_undo_done:
53B8  A9 01       LDA #$01
53BA  8D 0B C1    STA $C10B
53BD  A9 00       LDA #$00
53BF  8D 09 C1    STA $C109
53C2        runtime_map_entity_0_y_done:
53C2  A9 01       LDA #$01
53C4  8D C9 C7    STA $C7C9
53C7  18          CLC
53C8  AD 06 C1    LDA $C106
53CB  69 15       ADC #$15
53CD  8D C6 C7    STA $C7C6
53D0  AD 07 C1    LDA $C107
53D3  69 00       ADC #$00
53D5  8D C7 C7    STA $C7C7
53D8  18          CLC
53D9  AD 04 C1    LDA $C104
53DC  69 04       ADC #$04
53DE  8D C4 C7    STA $C7C4
53E1  AD 05 C1    LDA $C105
53E4  69 00       ADC #$00
53E6  8D C5 C7    STA $C7C5
53E9  20 16 55    JSR runtime_map_entity_point_solid_0
53EC  F0 03       BEQ runtime_map_entity_0_ground_probe_sample_0_clear
53EE  4C 26 54    JMP runtime_map_entity_0_grounded
53F1        runtime_map_entity_0_ground_probe_sample_0_clear:
53F1  18          CLC
53F2  AD 04 C1    LDA $C104
53F5  69 0C       ADC #$0C
53F7  8D C4 C7    STA $C7C4
53FA  AD 05 C1    LDA $C105
53FD  69 00       ADC #$00
53FF  8D C5 C7    STA $C7C5
5402  20 16 55    JSR runtime_map_entity_point_solid_0
5405  F0 03       BEQ runtime_map_entity_0_ground_probe_sample_1_clear
5407  4C 26 54    JMP runtime_map_entity_0_grounded
540A        runtime_map_entity_0_ground_probe_sample_1_clear:
540A  18          CLC
540B  AD 04 C1    LDA $C104
540E  69 13       ADC #$13
5410  8D C4 C7    STA $C7C4
5413  AD 05 C1    LDA $C105
5416  69 00       ADC #$00
5418  8D C5 C7    STA $C7C5
541B  20 16 55    JSR runtime_map_entity_point_solid_0
541E  F0 03       BEQ runtime_map_entity_0_ground_probe_sample_2_clear
5420  4C 26 54    JMP runtime_map_entity_0_grounded
5423        runtime_map_entity_0_ground_probe_sample_2_clear:
5423  4C 2B 54    JMP runtime_map_entity_0_behavior_probe
5426        runtime_map_entity_0_grounded:
5426  A9 01       LDA #$01
5428  8D 0A C1    STA $C10A
542B        runtime_map_entity_0_behavior_probe:
542B  18          CLC
542C  AD 04 C1    LDA $C104
542F  69 0C       ADC #$0C
5431  8D C4 C7    STA $C7C4
5434  AD 05 C1    LDA $C105
5437  69 00       ADC #$00
5439  8D C5 C7    STA $C7C5
543C  18          CLC
543D  AD 06 C1    LDA $C106
5440  69 0B       ADC #$0B
5442  8D C6 C7    STA $C7C6
5445  AD 07 C1    LDA $C107
5448  69 00       ADC #$00
544A  8D C7 C7    STA $C7C7
544D  20 9B 54    JSR runtime_map_entity_point_value_0
5450  C9 02       CMP #$02
5452  D0 05       BNE runtime_map_entity_0_center_danger_2_next
5454  A9 01       LDA #$01
5456  8D 0F C1    STA $C10F
5459        runtime_map_entity_0_center_danger_2_next:
5459  C9 03       CMP #$03
545B  D0 05       BNE runtime_map_entity_0_center_exit_3_next
545D  A9 01       LDA #$01
545F  8D 11 C1    STA $C111
5462        runtime_map_entity_0_center_exit_3_next:
5462  C9 04       CMP #$04
5464  D0 05       BNE runtime_map_entity_0_center_ladder_4_next
5466  A9 01       LDA #$01
5468  8D 10 C1    STA $C110
546B        runtime_map_entity_0_center_ladder_4_next:
546B  18          CLC
546C  AD 06 C1    LDA $C106
546F  69 14       ADC #$14
5471  8D C6 C7    STA $C7C6
5474  AD 07 C1    LDA $C107
5477  69 00       ADC #$00
5479  8D C7 C7    STA $C7C7
547C  20 9B 54    JSR runtime_map_entity_point_value_0
547F  C9 02       CMP #$02
5481  D0 05       BNE runtime_map_entity_0_bottom_danger_2_next
5483  A9 01       LDA #$01
5485  8D 0F C1    STA $C10F
5488        runtime_map_entity_0_bottom_danger_2_next:
5488  C9 03       CMP #$03
548A  D0 05       BNE runtime_map_entity_0_bottom_exit_3_next
548C  A9 01       LDA #$01
548E  8D 11 C1    STA $C111
5491        runtime_map_entity_0_bottom_exit_3_next:
5491  C9 04       CMP #$04
5493  D0 05       BNE runtime_map_entity_0_bottom_ladder_4_next
5495  A9 01       LDA #$01
5497  8D 10 C1    STA $C110
549A        runtime_map_entity_0_bottom_ladder_4_next:
549A        runtime_map_entity_0_done:
549A  60          RTS
            ; Map 0: logical collision lookup from 16-bit world pixels
549B        runtime_map_entity_point_value_0:
549B  AD C5 C7    LDA $C7C5
549E  C9 02       CMP #$02
54A0  90 0C       BCC runtime_map_entity_point_0_x_inside
54A2  D0 07       BNE runtime_map_entity_point_0_x_outside
54A4  AD C4 C7    LDA $C7C4
54A7  C9 80       CMP #$80
54A9  90 03       BCC runtime_map_entity_point_0_x_inside
54AB        runtime_map_entity_point_0_x_outside:
54AB  4C 13 55    JMP runtime_map_entity_point_0_outside
54AE        runtime_map_entity_point_0_x_inside:
54AE  AD C7 C7    LDA $C7C7
54B1  C9 00       CMP #$00
54B3  90 0C       BCC runtime_map_entity_point_0_y_inside
54B5  D0 07       BNE runtime_map_entity_point_0_y_outside
54B7  AD C6 C7    LDA $C7C6
54BA  C9 F0       CMP #$F0
54BC  90 03       BCC runtime_map_entity_point_0_y_inside
54BE        runtime_map_entity_point_0_y_outside:
54BE  4C 13 55    JMP runtime_map_entity_point_0_outside
54C1        runtime_map_entity_point_0_y_inside:
54C1  AD C4 C7    LDA $C7C4
54C4  8D BB C7    STA $C7BB
54C7  AD C5 C7    LDA $C7C5
54CA  8D BC C7    STA $C7BC
54CD  4E BC C7    LSR $C7BC
54D0  6E BB C7    ROR $C7BB
54D3  4E BC C7    LSR $C7BC
54D6  6E BB C7    ROR $C7BB
54D9  4E BC C7    LSR $C7BC
54DC  6E BB C7    ROR $C7BB
54DF  AD BB C7    LDA $C7BB
54E2  8D B2 C7    STA $C7B2
54E5  AD C6 C7    LDA $C7C6
54E8  8D BB C7    STA $C7BB
54EB  AD C7 C7    LDA $C7C7
54EE  8D BC C7    STA $C7BC
54F1  4E BC C7    LSR $C7BC
54F4  6E BB C7    ROR $C7BB
54F7  4E BC C7    LSR $C7BC
54FA  6E BB C7    ROR $C7BB
54FD  4E BC C7    LSR $C7BC
5500  6E BB C7    ROR $C7BB
5503  AD BB C7    LDA $C7BB
5506  8D B3 C7    STA $C7B3
5509  20 61 65    JSR runtime_map_pointer_0
550C  B1 FB       LDA ($FB),Y
550E  AA          TAX
550F  BD 98 67    LDA asset_map_collisions_0,X
5512  60          RTS
5513        runtime_map_entity_point_0_outside:
5513  A9 FF       LDA #$FF
5515  60          RTS
5516        runtime_map_entity_point_solid_0:
5516  20 9B 54    JSR runtime_map_entity_point_value_0
5519  C9 FF       CMP #$FF
551B  F0 13       BEQ runtime_map_entity_point_0_solid
551D  C9 00       CMP #$00
551F  F0 12       BEQ runtime_map_entity_point_0_clear
5521  C9 02       CMP #$02
5523  F0 0E       BEQ runtime_map_entity_point_0_clear
5525  C9 03       CMP #$03
5527  F0 0A       BEQ runtime_map_entity_point_0_clear
5529  C9 04       CMP #$04
552B  F0 06       BEQ runtime_map_entity_point_0_clear
552D  4C 30 55    JMP runtime_map_entity_point_0_solid
5530        runtime_map_entity_point_0_solid:
5530  A9 01       LDA #$01
5532  60          RTS
5533        runtime_map_entity_point_0_clear:
5533  A9 00       LDA #$00
5535  60          RTS
            ; Dynamic map 0: draw one changed metatile
5536        runtime_map_draw_tile_0:
5536  AD B2 C7    LDA $C7B2
5539  8D C2 C7    STA $C7C2
553C  AD B3 C7    LDA $C7B3
553F  8D C3 C7    STA $C7C3
5542        runtime_map_draw_tile_body_0:
5542  20 61 65    JSR runtime_map_pointer_0
5545  B1 FB       LDA ($FB),Y
5547  8D B4 C7    STA $C7B4
554A  AD B4 C7    LDA $C7B4
554D  8D B5 C7    STA $C7B5
5550  A9 02       LDA #$02
5552  85 FB       STA $FB
5554  A9 04       LDA #$04
5556  85 FC       STA $FC
5558  AD C3 C7    LDA $C7C3
555B  8D B7 C7    STA $C7B7
555E        runtime_map_screen_y_loop_0:
555E  AD B7 C7    LDA $C7B7
5561  F0 13       BEQ runtime_map_screen_y_done_0
5563  18          CLC
5564  A5 FB       LDA $FB
5566  69 28       ADC #$28
5568  85 FB       STA $FB
556A  A5 FC       LDA $FC
556C  69 00       ADC #$00
556E  85 FC       STA $FC
5570  CE B7 C7    DEC $C7B7
5573  4C 5E 55    JMP runtime_map_screen_y_loop_0
5576        runtime_map_screen_y_done_0:
5576  AD C2 C7    LDA $C7C2
5579  8D B9 C7    STA $C7B9
557C  18          CLC
557D  A5 FB       LDA $FB
557F  6D B9 C7    ADC $C7B9
5582  85 FB       STA $FB
5584  A5 FC       LDA $FC
5586  69 00       ADC #$00
5588  85 FC       STA $FC
558A  18          CLC
558B  A5 FB       LDA $FB
558D  69 00       ADC #$00
558F  85 FD       STA $FD
5591  A5 FC       LDA $FC
5593  69 D4       ADC #$D4
5595  85 FE       STA $FE
5597  18          CLC
5598  AD B5 C7    LDA $C7B5
559B  69 00       ADC #$00
559D  A8          TAY
559E  B9 9D 67    LDA asset_map_chars_0,Y
55A1  A0 00       LDY #$00
55A3  91 FB       STA ($FB),Y
55A5  18          CLC
55A6  AD B5 C7    LDA $C7B5
55A9  69 00       ADC #$00
55AB  A8          TAY
55AC  B9 A2 67    LDA asset_map_colors_0,Y
55AF  A0 00       LDY #$00
55B1  91 FD       STA ($FD),Y
55B3  60          RTS
            ; Map 0: bounded coarse viewport 36x20
55B4        runtime_map_viewport_0:
55B4  A9 00       LDA #$00
55B6  8D C3 C7    STA $C7C3
55B9        runtime_map_viewport_row_0:
55B9  18          CLC
55BA  AD C1 C7    LDA $C7C1
55BD  6D C3 C7    ADC $C7C3
55C0  8D B3 C7    STA $C7B3
55C3  A9 00       LDA #$00
55C5  8D C2 C7    STA $C7C2
55C8        runtime_map_viewport_column_0:
55C8  18          CLC
55C9  AD C0 C7    LDA $C7C0
55CC  6D C2 C7    ADC $C7C2
55CF  8D B2 C7    STA $C7B2
55D2  20 42 55    JSR runtime_map_draw_tile_body_0
55D5  EE C2 C7    INC $C7C2
55D8  AD C2 C7    LDA $C7C2
55DB  C9 24       CMP #$24
55DD  D0 E9       BNE runtime_map_viewport_column_0
55DF  EE C3 C7    INC $C7C3
55E2  AD C3 C7    LDA $C7C3
55E5  C9 14       CMP #$14
55E7  D0 D0       BNE runtime_map_viewport_row_0
55E9  60          RTS
            ; Map 0: enter raster-banded fine X/Y viewport
55EA        runtime_map_scroll_apply_0:
55EA  AD 16 D0    LDA $D016
55ED  29 F0       AND #$F0
55EF  0D 2F C1    ORA $C12F
55F2  8D 16 D0    STA $D016
55F5  60          RTS
            ; Map 0: cycle-stable VCBASE transition into the fixed panel
55F6        runtime_map_scroll_prepare_panel_0:
55F6  60          RTS
            ; Map 0: leave the scroll area with the fixed horizontal phase
55F7        runtime_map_scroll_leave_0:
55F7  AD 33 C1    LDA $C133
55FA  8D 16 D0    STA $D016
55FD  60          RTS
            ; Map 0: restore both fixed-panel VIC-II phases after a full redraw
55FE        runtime_map_scroll_restore_0:
55FE  AD 33 C1    LDA $C133
5601  8D 16 D0    STA $D016
5604  60          RTS
            ; Map 0: shift Screen RAM and Color RAM one character left
5605        runtime_map_scroll_shift_left_0:
5605  AD 2E C1    LDA $C12E
5608  18          CLC
5609  69 23       ADC #$23
560B  8D B2 C7    STA $C7B2
560E  AD 30 C1    LDA $C130
5611  8D B3 C7    STA $C7B3
5614  20 61 65    JSR runtime_map_pointer_0
5617  AD 03 04    LDA $0403
561A  8D 02 04    STA $0402
561D  AD 03 D8    LDA $D803
5620  8D 02 D8    STA $D802
5623  AD 04 04    LDA $0404
5626  8D 03 04    STA $0403
5629  AD 04 D8    LDA $D804
562C  8D 03 D8    STA $D803
562F  AD 05 04    LDA $0405
5632  8D 04 04    STA $0404
5635  AD 05 D8    LDA $D805
5638  8D 04 D8    STA $D804
563B  A2 00       LDX #$00
563D        runtime_map_scroll_left_row_0_0:
563D  BD 06 04    LDA $0406,X
5640  9D 05 04    STA $0405,X
5643  BD 06 D8    LDA $D806,X
5646  9D 05 D8    STA $D805,X
5649  BD 07 04    LDA $0407,X
564C  9D 06 04    STA $0406,X
564F  BD 07 D8    LDA $D807,X
5652  9D 06 D8    STA $D806,X
5655  BD 08 04    LDA $0408,X
5658  9D 07 04    STA $0407,X
565B  BD 08 D8    LDA $D808,X
565E  9D 07 D8    STA $D807,X
5661  BD 09 04    LDA $0409,X
5664  9D 08 04    STA $0408,X
5667  BD 09 D8    LDA $D809,X
566A  9D 08 D8    STA $D808,X
566D  E8          INX
566E  E8          INX
566F  E8          INX
5670  E8          INX
5671  E0 20       CPX #$20
5673  D0 C8       BNE runtime_map_scroll_left_row_0_0
5675  A0 00       LDY #$00
5677  B1 FB       LDA ($FB),Y
5679  AA          TAX
567A  BD 9D 67    LDA asset_map_chars_0,X
567D  8D 25 04    STA $0425
5680  BD A2 67    LDA asset_map_colors_0,X
5683  8D 25 D8    STA $D825
5686  18          CLC
5687  A5 FB       LDA $FB
5689  69 50       ADC #$50
568B  85 FB       STA $FB
568D  A5 FC       LDA $FC
568F  69 00       ADC #$00
5691  85 FC       STA $FC
5693  AD 2B 04    LDA $042B
5696  8D 2A 04    STA $042A
5699  AD 2B D8    LDA $D82B
569C  8D 2A D8    STA $D82A
569F  AD 2C 04    LDA $042C
56A2  8D 2B 04    STA $042B
56A5  AD 2C D8    LDA $D82C
56A8  8D 2B D8    STA $D82B
56AB  AD 2D 04    LDA $042D
56AE  8D 2C 04    STA $042C
56B1  AD 2D D8    LDA $D82D
56B4  8D 2C D8    STA $D82C
56B7  A2 00       LDX #$00
56B9        runtime_map_scroll_left_row_0_1:
56B9  BD 2E 04    LDA $042E,X
56BC  9D 2D 04    STA $042D,X
56BF  BD 2E D8    LDA $D82E,X
56C2  9D 2D D8    STA $D82D,X
56C5  BD 2F 04    LDA $042F,X
56C8  9D 2E 04    STA $042E,X
56CB  BD 2F D8    LDA $D82F,X
56CE  9D 2E D8    STA $D82E,X
56D1  BD 30 04    LDA $0430,X
56D4  9D 2F 04    STA $042F,X
56D7  BD 30 D8    LDA $D830,X
56DA  9D 2F D8    STA $D82F,X
56DD  BD 31 04    LDA $0431,X
56E0  9D 30 04    STA $0430,X
56E3  BD 31 D8    LDA $D831,X
56E6  9D 30 D8    STA $D830,X
56E9  E8          INX
56EA  E8          INX
56EB  E8          INX
56EC  E8          INX
56ED  E0 20       CPX #$20
56EF  D0 C8       BNE runtime_map_scroll_left_row_0_1
56F1  A0 00       LDY #$00
56F3  B1 FB       LDA ($FB),Y
56F5  AA          TAX
56F6  BD 9D 67    LDA asset_map_chars_0,X
56F9  8D 4D 04    STA $044D
56FC  BD A2 67    LDA asset_map_colors_0,X
56FF  8D 4D D8    STA $D84D
5702  18          CLC
5703  A5 FB       LDA $FB
5705  69 50       ADC #$50
5707  85 FB       STA $FB
5709  A5 FC       LDA $FC
570B  69 00       ADC #$00
570D  85 FC       STA $FC
570F  AD 53 04    LDA $0453
5712  8D 52 04    STA $0452
5715  AD 53 D8    LDA $D853
5718  8D 52 D8    STA $D852
571B  AD 54 04    LDA $0454
571E  8D 53 04    STA $0453
5721  AD 54 D8    LDA $D854
5724  8D 53 D8    STA $D853
5727  AD 55 04    LDA $0455
572A  8D 54 04    STA $0454
572D  AD 55 D8    LDA $D855
5730  8D 54 D8    STA $D854
5733  A2 00       LDX #$00
5735        runtime_map_scroll_left_row_0_2:
5735  BD 56 04    LDA $0456,X
5738  9D 55 04    STA $0455,X
573B  BD 56 D8    LDA $D856,X
573E  9D 55 D8    STA $D855,X
5741  BD 57 04    LDA $0457,X
5744  9D 56 04    STA $0456,X
5747  BD 57 D8    LDA $D857,X
574A  9D 56 D8    STA $D856,X
574D  BD 58 04    LDA $0458,X
5750  9D 57 04    STA $0457,X
5753  BD 58 D8    LDA $D858,X
5756  9D 57 D8    STA $D857,X
5759  BD 59 04    LDA $0459,X
575C  9D 58 04    STA $0458,X
575F  BD 59 D8    LDA $D859,X
5762  9D 58 D8    STA $D858,X
5765  E8          INX
5766  E8          INX
5767  E8          INX
5768  E8          INX
5769  E0 20       CPX #$20
576B  D0 C8       BNE runtime_map_scroll_left_row_0_2
576D  A0 00       LDY #$00
576F  B1 FB       LDA ($FB),Y
5771  AA          TAX
5772  BD 9D 67    LDA asset_map_chars_0,X
5775  8D 75 04    STA $0475
5778  BD A2 67    LDA asset_map_colors_0,X
577B  8D 75 D8    STA $D875
577E  18          CLC
577F  A5 FB       LDA $FB
5781  69 50       ADC #$50
5783  85 FB       STA $FB
5785  A5 FC       LDA $FC
5787  69 00       ADC #$00
5789  85 FC       STA $FC
578B  AD 7B 04    LDA $047B
578E  8D 7A 04    STA $047A
5791  AD 7B D8    LDA $D87B
5794  8D 7A D8    STA $D87A
5797  AD 7C 04    LDA $047C
579A  8D 7B 04    STA $047B
579D  AD 7C D8    LDA $D87C
57A0  8D 7B D8    STA $D87B
57A3  AD 7D 04    LDA $047D
57A6  8D 7C 04    STA $047C
57A9  AD 7D D8    LDA $D87D
57AC  8D 7C D8    STA $D87C
57AF  A2 00       LDX #$00
57B1        runtime_map_scroll_left_row_0_3:
57B1  BD 7E 04    LDA $047E,X
57B4  9D 7D 04    STA $047D,X
57B7  BD 7E D8    LDA $D87E,X
57BA  9D 7D D8    STA $D87D,X
57BD  BD 7F 04    LDA $047F,X
57C0  9D 7E 04    STA $047E,X
57C3  BD 7F D8    LDA $D87F,X
57C6  9D 7E D8    STA $D87E,X
57C9  BD 80 04    LDA $0480,X
57CC  9D 7F 04    STA $047F,X
57CF  BD 80 D8    LDA $D880,X
57D2  9D 7F D8    STA $D87F,X
57D5  BD 81 04    LDA $0481,X
57D8  9D 80 04    STA $0480,X
57DB  BD 81 D8    LDA $D881,X
57DE  9D 80 D8    STA $D880,X
57E1  E8          INX
57E2  E8          INX
57E3  E8          INX
57E4  E8          INX
57E5  E0 20       CPX #$20
57E7  D0 C8       BNE runtime_map_scroll_left_row_0_3
57E9  A0 00       LDY #$00
57EB  B1 FB       LDA ($FB),Y
57ED  AA          TAX
57EE  BD 9D 67    LDA asset_map_chars_0,X
57F1  8D 9D 04    STA $049D
57F4  BD A2 67    LDA asset_map_colors_0,X
57F7  8D 9D D8    STA $D89D
57FA  18          CLC
57FB  A5 FB       LDA $FB
57FD  69 50       ADC #$50
57FF  85 FB       STA $FB
5801  A5 FC       LDA $FC
5803  69 00       ADC #$00
5805  85 FC       STA $FC
5807  AD A3 04    LDA $04A3
580A  8D A2 04    STA $04A2
580D  AD A3 D8    LDA $D8A3
5810  8D A2 D8    STA $D8A2
5813  AD A4 04    LDA $04A4
5816  8D A3 04    STA $04A3
5819  AD A4 D8    LDA $D8A4
581C  8D A3 D8    STA $D8A3
581F  AD A5 04    LDA $04A5
5822  8D A4 04    STA $04A4
5825  AD A5 D8    LDA $D8A5
5828  8D A4 D8    STA $D8A4
582B  A2 00       LDX #$00
582D        runtime_map_scroll_left_row_0_4:
582D  BD A6 04    LDA $04A6,X
5830  9D A5 04    STA $04A5,X
5833  BD A6 D8    LDA $D8A6,X
5836  9D A5 D8    STA $D8A5,X
5839  BD A7 04    LDA $04A7,X
583C  9D A6 04    STA $04A6,X
583F  BD A7 D8    LDA $D8A7,X
5842  9D A6 D8    STA $D8A6,X
5845  BD A8 04    LDA $04A8,X
5848  9D A7 04    STA $04A7,X
584B  BD A8 D8    LDA $D8A8,X
584E  9D A7 D8    STA $D8A7,X
5851  BD A9 04    LDA $04A9,X
5854  9D A8 04    STA $04A8,X
5857  BD A9 D8    LDA $D8A9,X
585A  9D A8 D8    STA $D8A8,X
585D  E8          INX
585E  E8          INX
585F  E8          INX
5860  E8          INX
5861  E0 20       CPX #$20
5863  D0 C8       BNE runtime_map_scroll_left_row_0_4
5865  A0 00       LDY #$00
5867  B1 FB       LDA ($FB),Y
5869  AA          TAX
586A  BD 9D 67    LDA asset_map_chars_0,X
586D  8D C5 04    STA $04C5
5870  BD A2 67    LDA asset_map_colors_0,X
5873  8D C5 D8    STA $D8C5
5876  18          CLC
5877  A5 FB       LDA $FB
5879  69 50       ADC #$50
587B  85 FB       STA $FB
587D  A5 FC       LDA $FC
587F  69 00       ADC #$00
5881  85 FC       STA $FC
5883  AD CB 04    LDA $04CB
5886  8D CA 04    STA $04CA
5889  AD CB D8    LDA $D8CB
588C  8D CA D8    STA $D8CA
588F  AD CC 04    LDA $04CC
5892  8D CB 04    STA $04CB
5895  AD CC D8    LDA $D8CC
5898  8D CB D8    STA $D8CB
589B  AD CD 04    LDA $04CD
589E  8D CC 04    STA $04CC
58A1  AD CD D8    LDA $D8CD
58A4  8D CC D8    STA $D8CC
58A7  A2 00       LDX #$00
58A9        runtime_map_scroll_left_row_0_5:
58A9  BD CE 04    LDA $04CE,X
58AC  9D CD 04    STA $04CD,X
58AF  BD CE D8    LDA $D8CE,X
58B2  9D CD D8    STA $D8CD,X
58B5  BD CF 04    LDA $04CF,X
58B8  9D CE 04    STA $04CE,X
58BB  BD CF D8    LDA $D8CF,X
58BE  9D CE D8    STA $D8CE,X
58C1  BD D0 04    LDA $04D0,X
58C4  9D CF 04    STA $04CF,X
58C7  BD D0 D8    LDA $D8D0,X
58CA  9D CF D8    STA $D8CF,X
58CD  BD D1 04    LDA $04D1,X
58D0  9D D0 04    STA $04D0,X
58D3  BD D1 D8    LDA $D8D1,X
58D6  9D D0 D8    STA $D8D0,X
58D9  E8          INX
58DA  E8          INX
58DB  E8          INX
58DC  E8          INX
58DD  E0 20       CPX #$20
58DF  D0 C8       BNE runtime_map_scroll_left_row_0_5
58E1  A0 00       LDY #$00
58E3  B1 FB       LDA ($FB),Y
58E5  AA          TAX
58E6  BD 9D 67    LDA asset_map_chars_0,X
58E9  8D ED 04    STA $04ED
58EC  BD A2 67    LDA asset_map_colors_0,X
58EF  8D ED D8    STA $D8ED
58F2  18          CLC
58F3  A5 FB       LDA $FB
58F5  69 50       ADC #$50
58F7  85 FB       STA $FB
58F9  A5 FC       LDA $FC
58FB  69 00       ADC #$00
58FD  85 FC       STA $FC
58FF  AD F3 04    LDA $04F3
5902  8D F2 04    STA $04F2
5905  AD F3 D8    LDA $D8F3
5908  8D F2 D8    STA $D8F2
590B  AD F4 04    LDA $04F4
590E  8D F3 04    STA $04F3
5911  AD F4 D8    LDA $D8F4
5914  8D F3 D8    STA $D8F3
5917  AD F5 04    LDA $04F5
591A  8D F4 04    STA $04F4
591D  AD F5 D8    LDA $D8F5
5920  8D F4 D8    STA $D8F4
5923  A2 00       LDX #$00
5925        runtime_map_scroll_left_row_0_6:
5925  BD F6 04    LDA $04F6,X
5928  9D F5 04    STA $04F5,X
592B  BD F6 D8    LDA $D8F6,X
592E  9D F5 D8    STA $D8F5,X
5931  BD F7 04    LDA $04F7,X
5934  9D F6 04    STA $04F6,X
5937  BD F7 D8    LDA $D8F7,X
593A  9D F6 D8    STA $D8F6,X
593D  BD F8 04    LDA $04F8,X
5940  9D F7 04    STA $04F7,X
5943  BD F8 D8    LDA $D8F8,X
5946  9D F7 D8    STA $D8F7,X
5949  BD F9 04    LDA $04F9,X
594C  9D F8 04    STA $04F8,X
594F  BD F9 D8    LDA $D8F9,X
5952  9D F8 D8    STA $D8F8,X
5955  E8          INX
5956  E8          INX
5957  E8          INX
5958  E8          INX
5959  E0 20       CPX #$20
595B  D0 C8       BNE runtime_map_scroll_left_row_0_6
595D  A0 00       LDY #$00
595F  B1 FB       LDA ($FB),Y
5961  AA          TAX
5962  BD 9D 67    LDA asset_map_chars_0,X
5965  8D 15 05    STA $0515
5968  BD A2 67    LDA asset_map_colors_0,X
596B  8D 15 D9    STA $D915
596E  18          CLC
596F  A5 FB       LDA $FB
5971  69 50       ADC #$50
5973  85 FB       STA $FB
5975  A5 FC       LDA $FC
5977  69 00       ADC #$00
5979  85 FC       STA $FC
597B  AD 1B 05    LDA $051B
597E  8D 1A 05    STA $051A
5981  AD 1B D9    LDA $D91B
5984  8D 1A D9    STA $D91A
5987  AD 1C 05    LDA $051C
598A  8D 1B 05    STA $051B
598D  AD 1C D9    LDA $D91C
5990  8D 1B D9    STA $D91B
5993  AD 1D 05    LDA $051D
5996  8D 1C 05    STA $051C
5999  AD 1D D9    LDA $D91D
599C  8D 1C D9    STA $D91C
599F  A2 00       LDX #$00
59A1        runtime_map_scroll_left_row_0_7:
59A1  BD 1E 05    LDA $051E,X
59A4  9D 1D 05    STA $051D,X
59A7  BD 1E D9    LDA $D91E,X
59AA  9D 1D D9    STA $D91D,X
59AD  BD 1F 05    LDA $051F,X
59B0  9D 1E 05    STA $051E,X
59B3  BD 1F D9    LDA $D91F,X
59B6  9D 1E D9    STA $D91E,X
59B9  BD 20 05    LDA $0520,X
59BC  9D 1F 05    STA $051F,X
59BF  BD 20 D9    LDA $D920,X
59C2  9D 1F D9    STA $D91F,X
59C5  BD 21 05    LDA $0521,X
59C8  9D 20 05    STA $0520,X
59CB  BD 21 D9    LDA $D921,X
59CE  9D 20 D9    STA $D920,X
59D1  E8          INX
59D2  E8          INX
59D3  E8          INX
59D4  E8          INX
59D5  E0 20       CPX #$20
59D7  D0 C8       BNE runtime_map_scroll_left_row_0_7
59D9  A0 00       LDY #$00
59DB  B1 FB       LDA ($FB),Y
59DD  AA          TAX
59DE  BD 9D 67    LDA asset_map_chars_0,X
59E1  8D 3D 05    STA $053D
59E4  BD A2 67    LDA asset_map_colors_0,X
59E7  8D 3D D9    STA $D93D
59EA  18          CLC
59EB  A5 FB       LDA $FB
59ED  69 50       ADC #$50
59EF  85 FB       STA $FB
59F1  A5 FC       LDA $FC
59F3  69 00       ADC #$00
59F5  85 FC       STA $FC
59F7  AD 43 05    LDA $0543
59FA  8D 42 05    STA $0542
59FD  AD 43 D9    LDA $D943
5A00  8D 42 D9    STA $D942
5A03  AD 44 05    LDA $0544
5A06  8D 43 05    STA $0543
5A09  AD 44 D9    LDA $D944
5A0C  8D 43 D9    STA $D943
5A0F  AD 45 05    LDA $0545
5A12  8D 44 05    STA $0544
5A15  AD 45 D9    LDA $D945
5A18  8D 44 D9    STA $D944
5A1B  A2 00       LDX #$00
5A1D        runtime_map_scroll_left_row_0_8:
5A1D  BD 46 05    LDA $0546,X
5A20  9D 45 05    STA $0545,X
5A23  BD 46 D9    LDA $D946,X
5A26  9D 45 D9    STA $D945,X
5A29  BD 47 05    LDA $0547,X
5A2C  9D 46 05    STA $0546,X
5A2F  BD 47 D9    LDA $D947,X
5A32  9D 46 D9    STA $D946,X
5A35  BD 48 05    LDA $0548,X
5A38  9D 47 05    STA $0547,X
5A3B  BD 48 D9    LDA $D948,X
5A3E  9D 47 D9    STA $D947,X
5A41  BD 49 05    LDA $0549,X
5A44  9D 48 05    STA $0548,X
5A47  BD 49 D9    LDA $D949,X
5A4A  9D 48 D9    STA $D948,X
5A4D  E8          INX
5A4E  E8          INX
5A4F  E8          INX
5A50  E8          INX
5A51  E0 20       CPX #$20
5A53  D0 C8       BNE runtime_map_scroll_left_row_0_8
5A55  A0 00       LDY #$00
5A57  B1 FB       LDA ($FB),Y
5A59  AA          TAX
5A5A  BD 9D 67    LDA asset_map_chars_0,X
5A5D  8D 65 05    STA $0565
5A60  BD A2 67    LDA asset_map_colors_0,X
5A63  8D 65 D9    STA $D965
5A66  18          CLC
5A67  A5 FB       LDA $FB
5A69  69 50       ADC #$50
5A6B  85 FB       STA $FB
5A6D  A5 FC       LDA $FC
5A6F  69 00       ADC #$00
5A71  85 FC       STA $FC
5A73  AD 6B 05    LDA $056B
5A76  8D 6A 05    STA $056A
5A79  AD 6B D9    LDA $D96B
5A7C  8D 6A D9    STA $D96A
5A7F  AD 6C 05    LDA $056C
5A82  8D 6B 05    STA $056B
5A85  AD 6C D9    LDA $D96C
5A88  8D 6B D9    STA $D96B
5A8B  AD 6D 05    LDA $056D
5A8E  8D 6C 05    STA $056C
5A91  AD 6D D9    LDA $D96D
5A94  8D 6C D9    STA $D96C
5A97  A2 00       LDX #$00
5A99        runtime_map_scroll_left_row_0_9:
5A99  BD 6E 05    LDA $056E,X
5A9C  9D 6D 05    STA $056D,X
5A9F  BD 6E D9    LDA $D96E,X
5AA2  9D 6D D9    STA $D96D,X
5AA5  BD 6F 05    LDA $056F,X
5AA8  9D 6E 05    STA $056E,X
5AAB  BD 6F D9    LDA $D96F,X
5AAE  9D 6E D9    STA $D96E,X
5AB1  BD 70 05    LDA $0570,X
5AB4  9D 6F 05    STA $056F,X
5AB7  BD 70 D9    LDA $D970,X
5ABA  9D 6F D9    STA $D96F,X
5ABD  BD 71 05    LDA $0571,X
5AC0  9D 70 05    STA $0570,X
5AC3  BD 71 D9    LDA $D971,X
5AC6  9D 70 D9    STA $D970,X
5AC9  E8          INX
5ACA  E8          INX
5ACB  E8          INX
5ACC  E8          INX
5ACD  E0 20       CPX #$20
5ACF  D0 C8       BNE runtime_map_scroll_left_row_0_9
5AD1  A0 00       LDY #$00
5AD3  B1 FB       LDA ($FB),Y
5AD5  AA          TAX
5AD6  BD 9D 67    LDA asset_map_chars_0,X
5AD9  8D 8D 05    STA $058D
5ADC  BD A2 67    LDA asset_map_colors_0,X
5ADF  8D 8D D9    STA $D98D
5AE2  18          CLC
5AE3  A5 FB       LDA $FB
5AE5  69 50       ADC #$50
5AE7  85 FB       STA $FB
5AE9  A5 FC       LDA $FC
5AEB  69 00       ADC #$00
5AED  85 FC       STA $FC
5AEF  AD 93 05    LDA $0593
5AF2  8D 92 05    STA $0592
5AF5  AD 93 D9    LDA $D993
5AF8  8D 92 D9    STA $D992
5AFB  AD 94 05    LDA $0594
5AFE  8D 93 05    STA $0593
5B01  AD 94 D9    LDA $D994
5B04  8D 93 D9    STA $D993
5B07  AD 95 05    LDA $0595
5B0A  8D 94 05    STA $0594
5B0D  AD 95 D9    LDA $D995
5B10  8D 94 D9    STA $D994
5B13  A2 00       LDX #$00
5B15        runtime_map_scroll_left_row_0_10:
5B15  BD 96 05    LDA $0596,X
5B18  9D 95 05    STA $0595,X
5B1B  BD 96 D9    LDA $D996,X
5B1E  9D 95 D9    STA $D995,X
5B21  BD 97 05    LDA $0597,X
5B24  9D 96 05    STA $0596,X
5B27  BD 97 D9    LDA $D997,X
5B2A  9D 96 D9    STA $D996,X
5B2D  BD 98 05    LDA $0598,X
5B30  9D 97 05    STA $0597,X
5B33  BD 98 D9    LDA $D998,X
5B36  9D 97 D9    STA $D997,X
5B39  BD 99 05    LDA $0599,X
5B3C  9D 98 05    STA $0598,X
5B3F  BD 99 D9    LDA $D999,X
5B42  9D 98 D9    STA $D998,X
5B45  E8          INX
5B46  E8          INX
5B47  E8          INX
5B48  E8          INX
5B49  E0 20       CPX #$20
5B4B  D0 C8       BNE runtime_map_scroll_left_row_0_10
5B4D  A0 00       LDY #$00
5B4F  B1 FB       LDA ($FB),Y
5B51  AA          TAX
5B52  BD 9D 67    LDA asset_map_chars_0,X
5B55  8D B5 05    STA $05B5
5B58  BD A2 67    LDA asset_map_colors_0,X
5B5B  8D B5 D9    STA $D9B5
5B5E  18          CLC
5B5F  A5 FB       LDA $FB
5B61  69 50       ADC #$50
5B63  85 FB       STA $FB
5B65  A5 FC       LDA $FC
5B67  69 00       ADC #$00
5B69  85 FC       STA $FC
5B6B  AD BB 05    LDA $05BB
5B6E  8D BA 05    STA $05BA
5B71  AD BB D9    LDA $D9BB
5B74  8D BA D9    STA $D9BA
5B77  AD BC 05    LDA $05BC
5B7A  8D BB 05    STA $05BB
5B7D  AD BC D9    LDA $D9BC
5B80  8D BB D9    STA $D9BB
5B83  AD BD 05    LDA $05BD
5B86  8D BC 05    STA $05BC
5B89  AD BD D9    LDA $D9BD
5B8C  8D BC D9    STA $D9BC
5B8F  A2 00       LDX #$00
5B91        runtime_map_scroll_left_row_0_11:
5B91  BD BE 05    LDA $05BE,X
5B94  9D BD 05    STA $05BD,X
5B97  BD BE D9    LDA $D9BE,X
5B9A  9D BD D9    STA $D9BD,X
5B9D  BD BF 05    LDA $05BF,X
5BA0  9D BE 05    STA $05BE,X
5BA3  BD BF D9    LDA $D9BF,X
5BA6  9D BE D9    STA $D9BE,X
5BA9  BD C0 05    LDA $05C0,X
5BAC  9D BF 05    STA $05BF,X
5BAF  BD C0 D9    LDA $D9C0,X
5BB2  9D BF D9    STA $D9BF,X
5BB5  BD C1 05    LDA $05C1,X
5BB8  9D C0 05    STA $05C0,X
5BBB  BD C1 D9    LDA $D9C1,X
5BBE  9D C0 D9    STA $D9C0,X
5BC1  E8          INX
5BC2  E8          INX
5BC3  E8          INX
5BC4  E8          INX
5BC5  E0 20       CPX #$20
5BC7  D0 C8       BNE runtime_map_scroll_left_row_0_11
5BC9  A0 00       LDY #$00
5BCB  B1 FB       LDA ($FB),Y
5BCD  AA          TAX
5BCE  BD 9D 67    LDA asset_map_chars_0,X
5BD1  8D DD 05    STA $05DD
5BD4  BD A2 67    LDA asset_map_colors_0,X
5BD7  8D DD D9    STA $D9DD
5BDA  18          CLC
5BDB  A5 FB       LDA $FB
5BDD  69 50       ADC #$50
5BDF  85 FB       STA $FB
5BE1  A5 FC       LDA $FC
5BE3  69 00       ADC #$00
5BE5  85 FC       STA $FC
5BE7  AD E3 05    LDA $05E3
5BEA  8D E2 05    STA $05E2
5BED  AD E3 D9    LDA $D9E3
5BF0  8D E2 D9    STA $D9E2
5BF3  AD E4 05    LDA $05E4
5BF6  8D E3 05    STA $05E3
5BF9  AD E4 D9    LDA $D9E4
5BFC  8D E3 D9    STA $D9E3
5BFF  AD E5 05    LDA $05E5
5C02  8D E4 05    STA $05E4
5C05  AD E5 D9    LDA $D9E5
5C08  8D E4 D9    STA $D9E4
5C0B  A2 00       LDX #$00
5C0D        runtime_map_scroll_left_row_0_12:
5C0D  BD E6 05    LDA $05E6,X
5C10  9D E5 05    STA $05E5,X
5C13  BD E6 D9    LDA $D9E6,X
5C16  9D E5 D9    STA $D9E5,X
5C19  BD E7 05    LDA $05E7,X
5C1C  9D E6 05    STA $05E6,X
5C1F  BD E7 D9    LDA $D9E7,X
5C22  9D E6 D9    STA $D9E6,X
5C25  BD E8 05    LDA $05E8,X
5C28  9D E7 05    STA $05E7,X
5C2B  BD E8 D9    LDA $D9E8,X
5C2E  9D E7 D9    STA $D9E7,X
5C31  BD E9 05    LDA $05E9,X
5C34  9D E8 05    STA $05E8,X
5C37  BD E9 D9    LDA $D9E9,X
5C3A  9D E8 D9    STA $D9E8,X
5C3D  E8          INX
5C3E  E8          INX
5C3F  E8          INX
5C40  E8          INX
5C41  E0 20       CPX #$20
5C43  D0 C8       BNE runtime_map_scroll_left_row_0_12
5C45  A0 00       LDY #$00
5C47  B1 FB       LDA ($FB),Y
5C49  AA          TAX
5C4A  BD 9D 67    LDA asset_map_chars_0,X
5C4D  8D 05 06    STA $0605
5C50  BD A2 67    LDA asset_map_colors_0,X
5C53  8D 05 DA    STA $DA05
5C56  18          CLC
5C57  A5 FB       LDA $FB
5C59  69 50       ADC #$50
5C5B  85 FB       STA $FB
5C5D  A5 FC       LDA $FC
5C5F  69 00       ADC #$00
5C61  85 FC       STA $FC
5C63  AD 0B 06    LDA $060B
5C66  8D 0A 06    STA $060A
5C69  AD 0B DA    LDA $DA0B
5C6C  8D 0A DA    STA $DA0A
5C6F  AD 0C 06    LDA $060C
5C72  8D 0B 06    STA $060B
5C75  AD 0C DA    LDA $DA0C
5C78  8D 0B DA    STA $DA0B
5C7B  AD 0D 06    LDA $060D
5C7E  8D 0C 06    STA $060C
5C81  AD 0D DA    LDA $DA0D
5C84  8D 0C DA    STA $DA0C
5C87  A2 00       LDX #$00
5C89        runtime_map_scroll_left_row_0_13:
5C89  BD 0E 06    LDA $060E,X
5C8C  9D 0D 06    STA $060D,X
5C8F  BD 0E DA    LDA $DA0E,X
5C92  9D 0D DA    STA $DA0D,X
5C95  BD 0F 06    LDA $060F,X
5C98  9D 0E 06    STA $060E,X
5C9B  BD 0F DA    LDA $DA0F,X
5C9E  9D 0E DA    STA $DA0E,X
5CA1  BD 10 06    LDA $0610,X
5CA4  9D 0F 06    STA $060F,X
5CA7  BD 10 DA    LDA $DA10,X
5CAA  9D 0F DA    STA $DA0F,X
5CAD  BD 11 06    LDA $0611,X
5CB0  9D 10 06    STA $0610,X
5CB3  BD 11 DA    LDA $DA11,X
5CB6  9D 10 DA    STA $DA10,X
5CB9  E8          INX
5CBA  E8          INX
5CBB  E8          INX
5CBC  E8          INX
5CBD  E0 20       CPX #$20
5CBF  D0 C8       BNE runtime_map_scroll_left_row_0_13
5CC1  A0 00       LDY #$00
5CC3  B1 FB       LDA ($FB),Y
5CC5  AA          TAX
5CC6  BD 9D 67    LDA asset_map_chars_0,X
5CC9  8D 2D 06    STA $062D
5CCC  BD A2 67    LDA asset_map_colors_0,X
5CCF  8D 2D DA    STA $DA2D
5CD2  18          CLC
5CD3  A5 FB       LDA $FB
5CD5  69 50       ADC #$50
5CD7  85 FB       STA $FB
5CD9  A5 FC       LDA $FC
5CDB  69 00       ADC #$00
5CDD  85 FC       STA $FC
5CDF  AD 33 06    LDA $0633
5CE2  8D 32 06    STA $0632
5CE5  AD 33 DA    LDA $DA33
5CE8  8D 32 DA    STA $DA32
5CEB  AD 34 06    LDA $0634
5CEE  8D 33 06    STA $0633
5CF1  AD 34 DA    LDA $DA34
5CF4  8D 33 DA    STA $DA33
5CF7  AD 35 06    LDA $0635
5CFA  8D 34 06    STA $0634
5CFD  AD 35 DA    LDA $DA35
5D00  8D 34 DA    STA $DA34
5D03  A2 00       LDX #$00
5D05        runtime_map_scroll_left_row_0_14:
5D05  BD 36 06    LDA $0636,X
5D08  9D 35 06    STA $0635,X
5D0B  BD 36 DA    LDA $DA36,X
5D0E  9D 35 DA    STA $DA35,X
5D11  BD 37 06    LDA $0637,X
5D14  9D 36 06    STA $0636,X
5D17  BD 37 DA    LDA $DA37,X
5D1A  9D 36 DA    STA $DA36,X
5D1D  BD 38 06    LDA $0638,X
5D20  9D 37 06    STA $0637,X
5D23  BD 38 DA    LDA $DA38,X
5D26  9D 37 DA    STA $DA37,X
5D29  BD 39 06    LDA $0639,X
5D2C  9D 38 06    STA $0638,X
5D2F  BD 39 DA    LDA $DA39,X
5D32  9D 38 DA    STA $DA38,X
5D35  E8          INX
5D36  E8          INX
5D37  E8          INX
5D38  E8          INX
5D39  E0 20       CPX #$20
5D3B  D0 C8       BNE runtime_map_scroll_left_row_0_14
5D3D  A0 00       LDY #$00
5D3F  B1 FB       LDA ($FB),Y
5D41  AA          TAX
5D42  BD 9D 67    LDA asset_map_chars_0,X
5D45  8D 55 06    STA $0655
5D48  BD A2 67    LDA asset_map_colors_0,X
5D4B  8D 55 DA    STA $DA55
5D4E  18          CLC
5D4F  A5 FB       LDA $FB
5D51  69 50       ADC #$50
5D53  85 FB       STA $FB
5D55  A5 FC       LDA $FC
5D57  69 00       ADC #$00
5D59  85 FC       STA $FC
5D5B  AD 5B 06    LDA $065B
5D5E  8D 5A 06    STA $065A
5D61  AD 5B DA    LDA $DA5B
5D64  8D 5A DA    STA $DA5A
5D67  AD 5C 06    LDA $065C
5D6A  8D 5B 06    STA $065B
5D6D  AD 5C DA    LDA $DA5C
5D70  8D 5B DA    STA $DA5B
5D73  AD 5D 06    LDA $065D
5D76  8D 5C 06    STA $065C
5D79  AD 5D DA    LDA $DA5D
5D7C  8D 5C DA    STA $DA5C
5D7F  A2 00       LDX #$00
5D81        runtime_map_scroll_left_row_0_15:
5D81  BD 5E 06    LDA $065E,X
5D84  9D 5D 06    STA $065D,X
5D87  BD 5E DA    LDA $DA5E,X
5D8A  9D 5D DA    STA $DA5D,X
5D8D  BD 5F 06    LDA $065F,X
5D90  9D 5E 06    STA $065E,X
5D93  BD 5F DA    LDA $DA5F,X
5D96  9D 5E DA    STA $DA5E,X
5D99  BD 60 06    LDA $0660,X
5D9C  9D 5F 06    STA $065F,X
5D9F  BD 60 DA    LDA $DA60,X
5DA2  9D 5F DA    STA $DA5F,X
5DA5  BD 61 06    LDA $0661,X
5DA8  9D 60 06    STA $0660,X
5DAB  BD 61 DA    LDA $DA61,X
5DAE  9D 60 DA    STA $DA60,X
5DB1  E8          INX
5DB2  E8          INX
5DB3  E8          INX
5DB4  E8          INX
5DB5  E0 20       CPX #$20
5DB7  D0 C8       BNE runtime_map_scroll_left_row_0_15
5DB9  A0 00       LDY #$00
5DBB  B1 FB       LDA ($FB),Y
5DBD  AA          TAX
5DBE  BD 9D 67    LDA asset_map_chars_0,X
5DC1  8D 7D 06    STA $067D
5DC4  BD A2 67    LDA asset_map_colors_0,X
5DC7  8D 7D DA    STA $DA7D
5DCA  18          CLC
5DCB  A5 FB       LDA $FB
5DCD  69 50       ADC #$50
5DCF  85 FB       STA $FB
5DD1  A5 FC       LDA $FC
5DD3  69 00       ADC #$00
5DD5  85 FC       STA $FC
5DD7  AD 83 06    LDA $0683
5DDA  8D 82 06    STA $0682
5DDD  AD 83 DA    LDA $DA83
5DE0  8D 82 DA    STA $DA82
5DE3  AD 84 06    LDA $0684
5DE6  8D 83 06    STA $0683
5DE9  AD 84 DA    LDA $DA84
5DEC  8D 83 DA    STA $DA83
5DEF  AD 85 06    LDA $0685
5DF2  8D 84 06    STA $0684
5DF5  AD 85 DA    LDA $DA85
5DF8  8D 84 DA    STA $DA84
5DFB  A2 00       LDX #$00
5DFD        runtime_map_scroll_left_row_0_16:
5DFD  BD 86 06    LDA $0686,X
5E00  9D 85 06    STA $0685,X
5E03  BD 86 DA    LDA $DA86,X
5E06  9D 85 DA    STA $DA85,X
5E09  BD 87 06    LDA $0687,X
5E0C  9D 86 06    STA $0686,X
5E0F  BD 87 DA    LDA $DA87,X
5E12  9D 86 DA    STA $DA86,X
5E15  BD 88 06    LDA $0688,X
5E18  9D 87 06    STA $0687,X
5E1B  BD 88 DA    LDA $DA88,X
5E1E  9D 87 DA    STA $DA87,X
5E21  BD 89 06    LDA $0689,X
5E24  9D 88 06    STA $0688,X
5E27  BD 89 DA    LDA $DA89,X
5E2A  9D 88 DA    STA $DA88,X
5E2D  E8          INX
5E2E  E8          INX
5E2F  E8          INX
5E30  E8          INX
5E31  E0 20       CPX #$20
5E33  D0 C8       BNE runtime_map_scroll_left_row_0_16
5E35  A0 00       LDY #$00
5E37  B1 FB       LDA ($FB),Y
5E39  AA          TAX
5E3A  BD 9D 67    LDA asset_map_chars_0,X
5E3D  8D A5 06    STA $06A5
5E40  BD A2 67    LDA asset_map_colors_0,X
5E43  8D A5 DA    STA $DAA5
5E46  18          CLC
5E47  A5 FB       LDA $FB
5E49  69 50       ADC #$50
5E4B  85 FB       STA $FB
5E4D  A5 FC       LDA $FC
5E4F  69 00       ADC #$00
5E51  85 FC       STA $FC
5E53  AD AB 06    LDA $06AB
5E56  8D AA 06    STA $06AA
5E59  AD AB DA    LDA $DAAB
5E5C  8D AA DA    STA $DAAA
5E5F  AD AC 06    LDA $06AC
5E62  8D AB 06    STA $06AB
5E65  AD AC DA    LDA $DAAC
5E68  8D AB DA    STA $DAAB
5E6B  AD AD 06    LDA $06AD
5E6E  8D AC 06    STA $06AC
5E71  AD AD DA    LDA $DAAD
5E74  8D AC DA    STA $DAAC
5E77  A2 00       LDX #$00
5E79        runtime_map_scroll_left_row_0_17:
5E79  BD AE 06    LDA $06AE,X
5E7C  9D AD 06    STA $06AD,X
5E7F  BD AE DA    LDA $DAAE,X
5E82  9D AD DA    STA $DAAD,X
5E85  BD AF 06    LDA $06AF,X
5E88  9D AE 06    STA $06AE,X
5E8B  BD AF DA    LDA $DAAF,X
5E8E  9D AE DA    STA $DAAE,X
5E91  BD B0 06    LDA $06B0,X
5E94  9D AF 06    STA $06AF,X
5E97  BD B0 DA    LDA $DAB0,X
5E9A  9D AF DA    STA $DAAF,X
5E9D  BD B1 06    LDA $06B1,X
5EA0  9D B0 06    STA $06B0,X
5EA3  BD B1 DA    LDA $DAB1,X
5EA6  9D B0 DA    STA $DAB0,X
5EA9  E8          INX
5EAA  E8          INX
5EAB  E8          INX
5EAC  E8          INX
5EAD  E0 20       CPX #$20
5EAF  D0 C8       BNE runtime_map_scroll_left_row_0_17
5EB1  A0 00       LDY #$00
5EB3  B1 FB       LDA ($FB),Y
5EB5  AA          TAX
5EB6  BD 9D 67    LDA asset_map_chars_0,X
5EB9  8D CD 06    STA $06CD
5EBC  BD A2 67    LDA asset_map_colors_0,X
5EBF  8D CD DA    STA $DACD
5EC2  18          CLC
5EC3  A5 FB       LDA $FB
5EC5  69 50       ADC #$50
5EC7  85 FB       STA $FB
5EC9  A5 FC       LDA $FC
5ECB  69 00       ADC #$00
5ECD  85 FC       STA $FC
5ECF  AD D3 06    LDA $06D3
5ED2  8D D2 06    STA $06D2
5ED5  AD D3 DA    LDA $DAD3
5ED8  8D D2 DA    STA $DAD2
5EDB  AD D4 06    LDA $06D4
5EDE  8D D3 06    STA $06D3
5EE1  AD D4 DA    LDA $DAD4
5EE4  8D D3 DA    STA $DAD3
5EE7  AD D5 06    LDA $06D5
5EEA  8D D4 06    STA $06D4
5EED  AD D5 DA    LDA $DAD5
5EF0  8D D4 DA    STA $DAD4
5EF3  A2 00       LDX #$00
5EF5        runtime_map_scroll_left_row_0_18:
5EF5  BD D6 06    LDA $06D6,X
5EF8  9D D5 06    STA $06D5,X
5EFB  BD D6 DA    LDA $DAD6,X
5EFE  9D D5 DA    STA $DAD5,X
5F01  BD D7 06    LDA $06D7,X
5F04  9D D6 06    STA $06D6,X
5F07  BD D7 DA    LDA $DAD7,X
5F0A  9D D6 DA    STA $DAD6,X
5F0D  BD D8 06    LDA $06D8,X
5F10  9D D7 06    STA $06D7,X
5F13  BD D8 DA    LDA $DAD8,X
5F16  9D D7 DA    STA $DAD7,X
5F19  BD D9 06    LDA $06D9,X
5F1C  9D D8 06    STA $06D8,X
5F1F  BD D9 DA    LDA $DAD9,X
5F22  9D D8 DA    STA $DAD8,X
5F25  E8          INX
5F26  E8          INX
5F27  E8          INX
5F28  E8          INX
5F29  E0 20       CPX #$20
5F2B  D0 C8       BNE runtime_map_scroll_left_row_0_18
5F2D  A0 00       LDY #$00
5F2F  B1 FB       LDA ($FB),Y
5F31  AA          TAX
5F32  BD 9D 67    LDA asset_map_chars_0,X
5F35  8D F5 06    STA $06F5
5F38  BD A2 67    LDA asset_map_colors_0,X
5F3B  8D F5 DA    STA $DAF5
5F3E  18          CLC
5F3F  A5 FB       LDA $FB
5F41  69 50       ADC #$50
5F43  85 FB       STA $FB
5F45  A5 FC       LDA $FC
5F47  69 00       ADC #$00
5F49  85 FC       STA $FC
5F4B  AD FB 06    LDA $06FB
5F4E  8D FA 06    STA $06FA
5F51  AD FB DA    LDA $DAFB
5F54  8D FA DA    STA $DAFA
5F57  AD FC 06    LDA $06FC
5F5A  8D FB 06    STA $06FB
5F5D  AD FC DA    LDA $DAFC
5F60  8D FB DA    STA $DAFB
5F63  AD FD 06    LDA $06FD
5F66  8D FC 06    STA $06FC
5F69  AD FD DA    LDA $DAFD
5F6C  8D FC DA    STA $DAFC
5F6F  A2 00       LDX #$00
5F71        runtime_map_scroll_left_row_0_19:
5F71  BD FE 06    LDA $06FE,X
5F74  9D FD 06    STA $06FD,X
5F77  BD FE DA    LDA $DAFE,X
5F7A  9D FD DA    STA $DAFD,X
5F7D  BD FF 06    LDA $06FF,X
5F80  9D FE 06    STA $06FE,X
5F83  BD FF DA    LDA $DAFF,X
5F86  9D FE DA    STA $DAFE,X
5F89  BD 00 07    LDA $0700,X
5F8C  9D FF 06    STA $06FF,X
5F8F  BD 00 DB    LDA $DB00,X
5F92  9D FF DA    STA $DAFF,X
5F95  BD 01 07    LDA $0701,X
5F98  9D 00 07    STA $0700,X
5F9B  BD 01 DB    LDA $DB01,X
5F9E  9D 00 DB    STA $DB00,X
5FA1  E8          INX
5FA2  E8          INX
5FA3  E8          INX
5FA4  E8          INX
5FA5  E0 20       CPX #$20
5FA7  D0 C8       BNE runtime_map_scroll_left_row_0_19
5FA9  A0 00       LDY #$00
5FAB  B1 FB       LDA ($FB),Y
5FAD  AA          TAX
5FAE  BD 9D 67    LDA asset_map_chars_0,X
5FB1  8D 1D 07    STA $071D
5FB4  BD A2 67    LDA asset_map_colors_0,X
5FB7  8D 1D DB    STA $DB1D
5FBA  60          RTS
            ; Map 0: shift Screen RAM and Color RAM one character right
5FBB        runtime_map_scroll_shift_right_0:
5FBB  AD 2E C1    LDA $C12E
5FBE  8D B2 C7    STA $C7B2
5FC1  AD 30 C1    LDA $C130
5FC4  8D B3 C7    STA $C7B3
5FC7  20 61 65    JSR runtime_map_pointer_0
5FCA  AD 24 04    LDA $0424
5FCD  8D 25 04    STA $0425
5FD0  AD 24 D8    LDA $D824
5FD3  8D 25 D8    STA $D825
5FD6  A2 21       LDX #$21
5FD8        runtime_map_scroll_right_row_0_0:
5FD8  BD 02 04    LDA $0402,X
5FDB  9D 03 04    STA $0403,X
5FDE  BD 02 D8    LDA $D802,X
5FE1  9D 03 D8    STA $D803,X
5FE4  CA          DEX
5FE5  BD 02 04    LDA $0402,X
5FE8  9D 03 04    STA $0403,X
5FEB  BD 02 D8    LDA $D802,X
5FEE  9D 03 D8    STA $D803,X
5FF1  CA          DEX
5FF2  10 E4       BPL runtime_map_scroll_right_row_0_0
5FF4  A0 00       LDY #$00
5FF6  B1 FB       LDA ($FB),Y
5FF8  AA          TAX
5FF9  BD 9D 67    LDA asset_map_chars_0,X
5FFC  8D 02 04    STA $0402
5FFF  BD A2 67    LDA asset_map_colors_0,X
6002  8D 02 D8    STA $D802
6005  18          CLC
6006  A5 FB       LDA $FB
6008  69 50       ADC #$50
600A  85 FB       STA $FB
600C  A5 FC       LDA $FC
600E  69 00       ADC #$00
6010  85 FC       STA $FC
6012  AD 4C 04    LDA $044C
6015  8D 4D 04    STA $044D
6018  AD 4C D8    LDA $D84C
601B  8D 4D D8    STA $D84D
601E  A2 21       LDX #$21
6020        runtime_map_scroll_right_row_0_1:
6020  BD 2A 04    LDA $042A,X
6023  9D 2B 04    STA $042B,X
6026  BD 2A D8    LDA $D82A,X
6029  9D 2B D8    STA $D82B,X
602C  CA          DEX
602D  BD 2A 04    LDA $042A,X
6030  9D 2B 04    STA $042B,X
6033  BD 2A D8    LDA $D82A,X
6036  9D 2B D8    STA $D82B,X
6039  CA          DEX
603A  10 E4       BPL runtime_map_scroll_right_row_0_1
603C  A0 00       LDY #$00
603E  B1 FB       LDA ($FB),Y
6040  AA          TAX
6041  BD 9D 67    LDA asset_map_chars_0,X
6044  8D 2A 04    STA $042A
6047  BD A2 67    LDA asset_map_colors_0,X
604A  8D 2A D8    STA $D82A
604D  18          CLC
604E  A5 FB       LDA $FB
6050  69 50       ADC #$50
6052  85 FB       STA $FB
6054  A5 FC       LDA $FC
6056  69 00       ADC #$00
6058  85 FC       STA $FC
605A  AD 74 04    LDA $0474
605D  8D 75 04    STA $0475
6060  AD 74 D8    LDA $D874
6063  8D 75 D8    STA $D875
6066  A2 21       LDX #$21
6068        runtime_map_scroll_right_row_0_2:
6068  BD 52 04    LDA $0452,X
606B  9D 53 04    STA $0453,X
606E  BD 52 D8    LDA $D852,X
6071  9D 53 D8    STA $D853,X
6074  CA          DEX
6075  BD 52 04    LDA $0452,X
6078  9D 53 04    STA $0453,X
607B  BD 52 D8    LDA $D852,X
607E  9D 53 D8    STA $D853,X
6081  CA          DEX
6082  10 E4       BPL runtime_map_scroll_right_row_0_2
6084  A0 00       LDY #$00
6086  B1 FB       LDA ($FB),Y
6088  AA          TAX
6089  BD 9D 67    LDA asset_map_chars_0,X
608C  8D 52 04    STA $0452
608F  BD A2 67    LDA asset_map_colors_0,X
6092  8D 52 D8    STA $D852
6095  18          CLC
6096  A5 FB       LDA $FB
6098  69 50       ADC #$50
609A  85 FB       STA $FB
609C  A5 FC       LDA $FC
609E  69 00       ADC #$00
60A0  85 FC       STA $FC
60A2  AD 9C 04    LDA $049C
60A5  8D 9D 04    STA $049D
60A8  AD 9C D8    LDA $D89C
60AB  8D 9D D8    STA $D89D
60AE  A2 21       LDX #$21
60B0        runtime_map_scroll_right_row_0_3:
60B0  BD 7A 04    LDA $047A,X
60B3  9D 7B 04    STA $047B,X
60B6  BD 7A D8    LDA $D87A,X
60B9  9D 7B D8    STA $D87B,X
60BC  CA          DEX
60BD  BD 7A 04    LDA $047A,X
60C0  9D 7B 04    STA $047B,X
60C3  BD 7A D8    LDA $D87A,X
60C6  9D 7B D8    STA $D87B,X
60C9  CA          DEX
60CA  10 E4       BPL runtime_map_scroll_right_row_0_3
60CC  A0 00       LDY #$00
60CE  B1 FB       LDA ($FB),Y
60D0  AA          TAX
60D1  BD 9D 67    LDA asset_map_chars_0,X
60D4  8D 7A 04    STA $047A
60D7  BD A2 67    LDA asset_map_colors_0,X
60DA  8D 7A D8    STA $D87A
60DD  18          CLC
60DE  A5 FB       LDA $FB
60E0  69 50       ADC #$50
60E2  85 FB       STA $FB
60E4  A5 FC       LDA $FC
60E6  69 00       ADC #$00
60E8  85 FC       STA $FC
60EA  AD C4 04    LDA $04C4
60ED  8D C5 04    STA $04C5
60F0  AD C4 D8    LDA $D8C4
60F3  8D C5 D8    STA $D8C5
60F6  A2 21       LDX #$21
60F8        runtime_map_scroll_right_row_0_4:
60F8  BD A2 04    LDA $04A2,X
60FB  9D A3 04    STA $04A3,X
60FE  BD A2 D8    LDA $D8A2,X
6101  9D A3 D8    STA $D8A3,X
6104  CA          DEX
6105  BD A2 04    LDA $04A2,X
6108  9D A3 04    STA $04A3,X
610B  BD A2 D8    LDA $D8A2,X
610E  9D A3 D8    STA $D8A3,X
6111  CA          DEX
6112  10 E4       BPL runtime_map_scroll_right_row_0_4
6114  A0 00       LDY #$00
6116  B1 FB       LDA ($FB),Y
6118  AA          TAX
6119  BD 9D 67    LDA asset_map_chars_0,X
611C  8D A2 04    STA $04A2
611F  BD A2 67    LDA asset_map_colors_0,X
6122  8D A2 D8    STA $D8A2
6125  18          CLC
6126  A5 FB       LDA $FB
6128  69 50       ADC #$50
612A  85 FB       STA $FB
612C  A5 FC       LDA $FC
612E  69 00       ADC #$00
6130  85 FC       STA $FC
6132  AD EC 04    LDA $04EC
6135  8D ED 04    STA $04ED
6138  AD EC D8    LDA $D8EC
613B  8D ED D8    STA $D8ED
613E  A2 21       LDX #$21
6140        runtime_map_scroll_right_row_0_5:
6140  BD CA 04    LDA $04CA,X
6143  9D CB 04    STA $04CB,X
6146  BD CA D8    LDA $D8CA,X
6149  9D CB D8    STA $D8CB,X
614C  CA          DEX
614D  BD CA 04    LDA $04CA,X
6150  9D CB 04    STA $04CB,X
6153  BD CA D8    LDA $D8CA,X
6156  9D CB D8    STA $D8CB,X
6159  CA          DEX
615A  10 E4       BPL runtime_map_scroll_right_row_0_5
615C  A0 00       LDY #$00
615E  B1 FB       LDA ($FB),Y
6160  AA          TAX
6161  BD 9D 67    LDA asset_map_chars_0,X
6164  8D CA 04    STA $04CA
6167  BD A2 67    LDA asset_map_colors_0,X
616A  8D CA D8    STA $D8CA
616D  18          CLC
616E  A5 FB       LDA $FB
6170  69 50       ADC #$50
6172  85 FB       STA $FB
6174  A5 FC       LDA $FC
6176  69 00       ADC #$00
6178  85 FC       STA $FC
617A  AD 14 05    LDA $0514
617D  8D 15 05    STA $0515
6180  AD 14 D9    LDA $D914
6183  8D 15 D9    STA $D915
6186  A2 21       LDX #$21
6188        runtime_map_scroll_right_row_0_6:
6188  BD F2 04    LDA $04F2,X
618B  9D F3 04    STA $04F3,X
618E  BD F2 D8    LDA $D8F2,X
6191  9D F3 D8    STA $D8F3,X
6194  CA          DEX
6195  BD F2 04    LDA $04F2,X
6198  9D F3 04    STA $04F3,X
619B  BD F2 D8    LDA $D8F2,X
619E  9D F3 D8    STA $D8F3,X
61A1  CA          DEX
61A2  10 E4       BPL runtime_map_scroll_right_row_0_6
61A4  A0 00       LDY #$00
61A6  B1 FB       LDA ($FB),Y
61A8  AA          TAX
61A9  BD 9D 67    LDA asset_map_chars_0,X
61AC  8D F2 04    STA $04F2
61AF  BD A2 67    LDA asset_map_colors_0,X
61B2  8D F2 D8    STA $D8F2
61B5  18          CLC
61B6  A5 FB       LDA $FB
61B8  69 50       ADC #$50
61BA  85 FB       STA $FB
61BC  A5 FC       LDA $FC
61BE  69 00       ADC #$00
61C0  85 FC       STA $FC
61C2  AD 3C 05    LDA $053C
61C5  8D 3D 05    STA $053D
61C8  AD 3C D9    LDA $D93C
61CB  8D 3D D9    STA $D93D
61CE  A2 21       LDX #$21
61D0        runtime_map_scroll_right_row_0_7:
61D0  BD 1A 05    LDA $051A,X
61D3  9D 1B 05    STA $051B,X
61D6  BD 1A D9    LDA $D91A,X
61D9  9D 1B D9    STA $D91B,X
61DC  CA          DEX
61DD  BD 1A 05    LDA $051A,X
61E0  9D 1B 05    STA $051B,X
61E3  BD 1A D9    LDA $D91A,X
61E6  9D 1B D9    STA $D91B,X
61E9  CA          DEX
61EA  10 E4       BPL runtime_map_scroll_right_row_0_7
61EC  A0 00       LDY #$00
61EE  B1 FB       LDA ($FB),Y
61F0  AA          TAX
61F1  BD 9D 67    LDA asset_map_chars_0,X
61F4  8D 1A 05    STA $051A
61F7  BD A2 67    LDA asset_map_colors_0,X
61FA  8D 1A D9    STA $D91A
61FD  18          CLC
61FE  A5 FB       LDA $FB
6200  69 50       ADC #$50
6202  85 FB       STA $FB
6204  A5 FC       LDA $FC
6206  69 00       ADC #$00
6208  85 FC       STA $FC
620A  AD 64 05    LDA $0564
620D  8D 65 05    STA $0565
6210  AD 64 D9    LDA $D964
6213  8D 65 D9    STA $D965
6216  A2 21       LDX #$21
6218        runtime_map_scroll_right_row_0_8:
6218  BD 42 05    LDA $0542,X
621B  9D 43 05    STA $0543,X
621E  BD 42 D9    LDA $D942,X
6221  9D 43 D9    STA $D943,X
6224  CA          DEX
6225  BD 42 05    LDA $0542,X
6228  9D 43 05    STA $0543,X
622B  BD 42 D9    LDA $D942,X
622E  9D 43 D9    STA $D943,X
6231  CA          DEX
6232  10 E4       BPL runtime_map_scroll_right_row_0_8
6234  A0 00       LDY #$00
6236  B1 FB       LDA ($FB),Y
6238  AA          TAX
6239  BD 9D 67    LDA asset_map_chars_0,X
623C  8D 42 05    STA $0542
623F  BD A2 67    LDA asset_map_colors_0,X
6242  8D 42 D9    STA $D942
6245  18          CLC
6246  A5 FB       LDA $FB
6248  69 50       ADC #$50
624A  85 FB       STA $FB
624C  A5 FC       LDA $FC
624E  69 00       ADC #$00
6250  85 FC       STA $FC
6252  AD 8C 05    LDA $058C
6255  8D 8D 05    STA $058D
6258  AD 8C D9    LDA $D98C
625B  8D 8D D9    STA $D98D
625E  A2 21       LDX #$21
6260        runtime_map_scroll_right_row_0_9:
6260  BD 6A 05    LDA $056A,X
6263  9D 6B 05    STA $056B,X
6266  BD 6A D9    LDA $D96A,X
6269  9D 6B D9    STA $D96B,X
626C  CA          DEX
626D  BD 6A 05    LDA $056A,X
6270  9D 6B 05    STA $056B,X
6273  BD 6A D9    LDA $D96A,X
6276  9D 6B D9    STA $D96B,X
6279  CA          DEX
627A  10 E4       BPL runtime_map_scroll_right_row_0_9
627C  A0 00       LDY #$00
627E  B1 FB       LDA ($FB),Y
6280  AA          TAX
6281  BD 9D 67    LDA asset_map_chars_0,X
6284  8D 6A 05    STA $056A
6287  BD A2 67    LDA asset_map_colors_0,X
628A  8D 6A D9    STA $D96A
628D  18          CLC
628E  A5 FB       LDA $FB
6290  69 50       ADC #$50
6292  85 FB       STA $FB
6294  A5 FC       LDA $FC
6296  69 00       ADC #$00
6298  85 FC       STA $FC
629A  AD B4 05    LDA $05B4
629D  8D B5 05    STA $05B5
62A0  AD B4 D9    LDA $D9B4
62A3  8D B5 D9    STA $D9B5
62A6  A2 21       LDX #$21
62A8        runtime_map_scroll_right_row_0_10:
62A8  BD 92 05    LDA $0592,X
62AB  9D 93 05    STA $0593,X
62AE  BD 92 D9    LDA $D992,X
62B1  9D 93 D9    STA $D993,X
62B4  CA          DEX
62B5  BD 92 05    LDA $0592,X
62B8  9D 93 05    STA $0593,X
62BB  BD 92 D9    LDA $D992,X
62BE  9D 93 D9    STA $D993,X
62C1  CA          DEX
62C2  10 E4       BPL runtime_map_scroll_right_row_0_10
62C4  A0 00       LDY #$00
62C6  B1 FB       LDA ($FB),Y
62C8  AA          TAX
62C9  BD 9D 67    LDA asset_map_chars_0,X
62CC  8D 92 05    STA $0592
62CF  BD A2 67    LDA asset_map_colors_0,X
62D2  8D 92 D9    STA $D992
62D5  18          CLC
62D6  A5 FB       LDA $FB
62D8  69 50       ADC #$50
62DA  85 FB       STA $FB
62DC  A5 FC       LDA $FC
62DE  69 00       ADC #$00
62E0  85 FC       STA $FC
62E2  AD DC 05    LDA $05DC
62E5  8D DD 05    STA $05DD
62E8  AD DC D9    LDA $D9DC
62EB  8D DD D9    STA $D9DD
62EE  A2 21       LDX #$21
62F0        runtime_map_scroll_right_row_0_11:
62F0  BD BA 05    LDA $05BA,X
62F3  9D BB 05    STA $05BB,X
62F6  BD BA D9    LDA $D9BA,X
62F9  9D BB D9    STA $D9BB,X
62FC  CA          DEX
62FD  BD BA 05    LDA $05BA,X
6300  9D BB 05    STA $05BB,X
6303  BD BA D9    LDA $D9BA,X
6306  9D BB D9    STA $D9BB,X
6309  CA          DEX
630A  10 E4       BPL runtime_map_scroll_right_row_0_11
630C  A0 00       LDY #$00
630E  B1 FB       LDA ($FB),Y
6310  AA          TAX
6311  BD 9D 67    LDA asset_map_chars_0,X
6314  8D BA 05    STA $05BA
6317  BD A2 67    LDA asset_map_colors_0,X
631A  8D BA D9    STA $D9BA
631D  18          CLC
631E  A5 FB       LDA $FB
6320  69 50       ADC #$50
6322  85 FB       STA $FB
6324  A5 FC       LDA $FC
6326  69 00       ADC #$00
6328  85 FC       STA $FC
632A  AD 04 06    LDA $0604
632D  8D 05 06    STA $0605
6330  AD 04 DA    LDA $DA04
6333  8D 05 DA    STA $DA05
6336  A2 21       LDX #$21
6338        runtime_map_scroll_right_row_0_12:
6338  BD E2 05    LDA $05E2,X
633B  9D E3 05    STA $05E3,X
633E  BD E2 D9    LDA $D9E2,X
6341  9D E3 D9    STA $D9E3,X
6344  CA          DEX
6345  BD E2 05    LDA $05E2,X
6348  9D E3 05    STA $05E3,X
634B  BD E2 D9    LDA $D9E2,X
634E  9D E3 D9    STA $D9E3,X
6351  CA          DEX
6352  10 E4       BPL runtime_map_scroll_right_row_0_12
6354  A0 00       LDY #$00
6356  B1 FB       LDA ($FB),Y
6358  AA          TAX
6359  BD 9D 67    LDA asset_map_chars_0,X
635C  8D E2 05    STA $05E2
635F  BD A2 67    LDA asset_map_colors_0,X
6362  8D E2 D9    STA $D9E2
6365  18          CLC
6366  A5 FB       LDA $FB
6368  69 50       ADC #$50
636A  85 FB       STA $FB
636C  A5 FC       LDA $FC
636E  69 00       ADC #$00
6370  85 FC       STA $FC
6372  AD 2C 06    LDA $062C
6375  8D 2D 06    STA $062D
6378  AD 2C DA    LDA $DA2C
637B  8D 2D DA    STA $DA2D
637E  A2 21       LDX #$21
6380        runtime_map_scroll_right_row_0_13:
6380  BD 0A 06    LDA $060A,X
6383  9D 0B 06    STA $060B,X
6386  BD 0A DA    LDA $DA0A,X
6389  9D 0B DA    STA $DA0B,X
638C  CA          DEX
638D  BD 0A 06    LDA $060A,X
6390  9D 0B 06    STA $060B,X
6393  BD 0A DA    LDA $DA0A,X
6396  9D 0B DA    STA $DA0B,X
6399  CA          DEX
639A  10 E4       BPL runtime_map_scroll_right_row_0_13
639C  A0 00       LDY #$00
639E  B1 FB       LDA ($FB),Y
63A0  AA          TAX
63A1  BD 9D 67    LDA asset_map_chars_0,X
63A4  8D 0A 06    STA $060A
63A7  BD A2 67    LDA asset_map_colors_0,X
63AA  8D 0A DA    STA $DA0A
63AD  18          CLC
63AE  A5 FB       LDA $FB
63B0  69 50       ADC #$50
63B2  85 FB       STA $FB
63B4  A5 FC       LDA $FC
63B6  69 00       ADC #$00
63B8  85 FC       STA $FC
63BA  AD 54 06    LDA $0654
63BD  8D 55 06    STA $0655
63C0  AD 54 DA    LDA $DA54
63C3  8D 55 DA    STA $DA55
63C6  A2 21       LDX #$21
63C8        runtime_map_scroll_right_row_0_14:
63C8  BD 32 06    LDA $0632,X
63CB  9D 33 06    STA $0633,X
63CE  BD 32 DA    LDA $DA32,X
63D1  9D 33 DA    STA $DA33,X
63D4  CA          DEX
63D5  BD 32 06    LDA $0632,X
63D8  9D 33 06    STA $0633,X
63DB  BD 32 DA    LDA $DA32,X
63DE  9D 33 DA    STA $DA33,X
63E1  CA          DEX
63E2  10 E4       BPL runtime_map_scroll_right_row_0_14
63E4  A0 00       LDY #$00
63E6  B1 FB       LDA ($FB),Y
63E8  AA          TAX
63E9  BD 9D 67    LDA asset_map_chars_0,X
63EC  8D 32 06    STA $0632
63EF  BD A2 67    LDA asset_map_colors_0,X
63F2  8D 32 DA    STA $DA32
63F5  18          CLC
63F6  A5 FB       LDA $FB
63F8  69 50       ADC #$50
63FA  85 FB       STA $FB
63FC  A5 FC       LDA $FC
63FE  69 00       ADC #$00
6400  85 FC       STA $FC
6402  AD 7C 06    LDA $067C
6405  8D 7D 06    STA $067D
6408  AD 7C DA    LDA $DA7C
640B  8D 7D DA    STA $DA7D
640E  A2 21       LDX #$21
6410        runtime_map_scroll_right_row_0_15:
6410  BD 5A 06    LDA $065A,X
6413  9D 5B 06    STA $065B,X
6416  BD 5A DA    LDA $DA5A,X
6419  9D 5B DA    STA $DA5B,X
641C  CA          DEX
641D  BD 5A 06    LDA $065A,X
6420  9D 5B 06    STA $065B,X
6423  BD 5A DA    LDA $DA5A,X
6426  9D 5B DA    STA $DA5B,X
6429  CA          DEX
642A  10 E4       BPL runtime_map_scroll_right_row_0_15
642C  A0 00       LDY #$00
642E  B1 FB       LDA ($FB),Y
6430  AA          TAX
6431  BD 9D 67    LDA asset_map_chars_0,X
6434  8D 5A 06    STA $065A
6437  BD A2 67    LDA asset_map_colors_0,X
643A  8D 5A DA    STA $DA5A
643D  18          CLC
643E  A5 FB       LDA $FB
6440  69 50       ADC #$50
6442  85 FB       STA $FB
6444  A5 FC       LDA $FC
6446  69 00       ADC #$00
6448  85 FC       STA $FC
644A  AD A4 06    LDA $06A4
644D  8D A5 06    STA $06A5
6450  AD A4 DA    LDA $DAA4
6453  8D A5 DA    STA $DAA5
6456  A2 21       LDX #$21
6458        runtime_map_scroll_right_row_0_16:
6458  BD 82 06    LDA $0682,X
645B  9D 83 06    STA $0683,X
645E  BD 82 DA    LDA $DA82,X
6461  9D 83 DA    STA $DA83,X
6464  CA          DEX
6465  BD 82 06    LDA $0682,X
6468  9D 83 06    STA $0683,X
646B  BD 82 DA    LDA $DA82,X
646E  9D 83 DA    STA $DA83,X
6471  CA          DEX
6472  10 E4       BPL runtime_map_scroll_right_row_0_16
6474  A0 00       LDY #$00
6476  B1 FB       LDA ($FB),Y
6478  AA          TAX
6479  BD 9D 67    LDA asset_map_chars_0,X
647C  8D 82 06    STA $0682
647F  BD A2 67    LDA asset_map_colors_0,X
6482  8D 82 DA    STA $DA82
6485  18          CLC
6486  A5 FB       LDA $FB
6488  69 50       ADC #$50
648A  85 FB       STA $FB
648C  A5 FC       LDA $FC
648E  69 00       ADC #$00
6490  85 FC       STA $FC
6492  AD CC 06    LDA $06CC
6495  8D CD 06    STA $06CD
6498  AD CC DA    LDA $DACC
649B  8D CD DA    STA $DACD
649E  A2 21       LDX #$21
64A0        runtime_map_scroll_right_row_0_17:
64A0  BD AA 06    LDA $06AA,X
64A3  9D AB 06    STA $06AB,X
64A6  BD AA DA    LDA $DAAA,X
64A9  9D AB DA    STA $DAAB,X
64AC  CA          DEX
64AD  BD AA 06    LDA $06AA,X
64B0  9D AB 06    STA $06AB,X
64B3  BD AA DA    LDA $DAAA,X
64B6  9D AB DA    STA $DAAB,X
64B9  CA          DEX
64BA  10 E4       BPL runtime_map_scroll_right_row_0_17
64BC  A0 00       LDY #$00
64BE  B1 FB       LDA ($FB),Y
64C0  AA          TAX
64C1  BD 9D 67    LDA asset_map_chars_0,X
64C4  8D AA 06    STA $06AA
64C7  BD A2 67    LDA asset_map_colors_0,X
64CA  8D AA DA    STA $DAAA
64CD  18          CLC
64CE  A5 FB       LDA $FB
64D0  69 50       ADC #$50
64D2  85 FB       STA $FB
64D4  A5 FC       LDA $FC
64D6  69 00       ADC #$00
64D8  85 FC       STA $FC
64DA  AD F4 06    LDA $06F4
64DD  8D F5 06    STA $06F5
64E0  AD F4 DA    LDA $DAF4
64E3  8D F5 DA    STA $DAF5
64E6  A2 21       LDX #$21
64E8        runtime_map_scroll_right_row_0_18:
64E8  BD D2 06    LDA $06D2,X
64EB  9D D3 06    STA $06D3,X
64EE  BD D2 DA    LDA $DAD2,X
64F1  9D D3 DA    STA $DAD3,X
64F4  CA          DEX
64F5  BD D2 06    LDA $06D2,X
64F8  9D D3 06    STA $06D3,X
64FB  BD D2 DA    LDA $DAD2,X
64FE  9D D3 DA    STA $DAD3,X
6501  CA          DEX
6502  10 E4       BPL runtime_map_scroll_right_row_0_18
6504  A0 00       LDY #$00
6506  B1 FB       LDA ($FB),Y
6508  AA          TAX
6509  BD 9D 67    LDA asset_map_chars_0,X
650C  8D D2 06    STA $06D2
650F  BD A2 67    LDA asset_map_colors_0,X
6512  8D D2 DA    STA $DAD2
6515  18          CLC
6516  A5 FB       LDA $FB
6518  69 50       ADC #$50
651A  85 FB       STA $FB
651C  A5 FC       LDA $FC
651E  69 00       ADC #$00
6520  85 FC       STA $FC
6522  AD 1C 07    LDA $071C
6525  8D 1D 07    STA $071D
6528  AD 1C DB    LDA $DB1C
652B  8D 1D DB    STA $DB1D
652E  A2 21       LDX #$21
6530        runtime_map_scroll_right_row_0_19:
6530  BD FA 06    LDA $06FA,X
6533  9D FB 06    STA $06FB,X
6536  BD FA DA    LDA $DAFA,X
6539  9D FB DA    STA $DAFB,X
653C  CA          DEX
653D  BD FA 06    LDA $06FA,X
6540  9D FB 06    STA $06FB,X
6543  BD FA DA    LDA $DAFA,X
6546  9D FB DA    STA $DAFB,X
6549  CA          DEX
654A  10 E4       BPL runtime_map_scroll_right_row_0_19
654C  A0 00       LDY #$00
654E  B1 FB       LDA ($FB),Y
6550  AA          TAX
6551  BD 9D 67    LDA asset_map_chars_0,X
6554  8D FA 06    STA $06FA
6557  BD A2 67    LDA asset_map_colors_0,X
655A  8D FA DA    STA $DAFA
655D  60          RTS
            ; Dynamic map 0: redraw visible cells from runtime RAM
655E        runtime_map_redraw_0:
655E  4C B4 55    JMP runtime_map_viewport_0
6561        runtime_map_pointer_0:
6561  AC B3 C7    LDY $C7B3
6564  18          CLC
6565  B9 77 65    LDA runtime_map_row_lo_0,Y
6568  6D B2 C7    ADC $C7B2
656B  85 FB       STA $FB
656D  B9 95 65    LDA runtime_map_row_hi_0,Y
6570  69 00       ADC #$00
6572  85 FC       STA $FC
6574  A0 00       LDY #$00
6576  60          RTS
6577        runtime_map_row_lo_0:
6577  00 50 A0 F0 40 90 E0 30 80 D0 20 70 C0 10 60 B0 00 50 A0 F0 40 90 E0 30 80 D0 20 70 C0 10 .byte $00, $50, $A0, $F0, $40, $90, $E0, $30, $80, $D0, $20, $70, $C0, $10, $60, $B0, $00, $50, $A0, $F0, $40, $90, $E0, $30, $80, $D0, $20, $70, $C0, $10
6595        runtime_map_row_hi_0:
6595  80 80 80 80 81 81 81 82 82 82 83 83 83 84 84 84 85 85 85 85 86 86 86 87 87 87 88 88 88 89 .byte $80, $80, $80, $80, $81, $81, $81, $82, $82, $82, $83, $83, $83, $84, $84, $84, $85, $85, $85, $85, $86, $86, $86, $87, $87, $87, $88, $88, $88, $89
65B3        api_decimal_convert:
65B3  A9 00       LDA #$00
65B5  8D 3B C1    STA $C13B
65B8        api_decimal_100:
65B8  AD 3A C1    LDA $C13A
65BB  C9 27       CMP #$27
65BD  90 20       BCC api_decimal_100_done
65BF  D0 07       BNE api_decimal_100_subtract
65C1  AD 39 C1    LDA $C139
65C4  C9 10       CMP #$10
65C6  90 17       BCC api_decimal_100_done
65C8        api_decimal_100_subtract:
65C8  38          SEC
65C9  AD 39 C1    LDA $C139
65CC  E9 10       SBC #$10
65CE  8D 39 C1    STA $C139
65D1  AD 3A C1    LDA $C13A
65D4  E9 27       SBC #$27
65D6  8D 3A C1    STA $C13A
65D9  EE 3B C1    INC $C13B
65DC  4C B8 65    JMP api_decimal_100
65DF        api_decimal_100_done:
65DF  A9 00       LDA #$00
65E1  8D 3C C1    STA $C13C
65E4        api_decimal_101:
65E4  AD 3A C1    LDA $C13A
65E7  C9 03       CMP #$03
65E9  90 20       BCC api_decimal_101_done
65EB  D0 07       BNE api_decimal_101_subtract
65ED  AD 39 C1    LDA $C139
65F0  C9 E8       CMP #$E8
65F2  90 17       BCC api_decimal_101_done
65F4        api_decimal_101_subtract:
65F4  38          SEC
65F5  AD 39 C1    LDA $C139
65F8  E9 E8       SBC #$E8
65FA  8D 39 C1    STA $C139
65FD  AD 3A C1    LDA $C13A
6600  E9 03       SBC #$03
6602  8D 3A C1    STA $C13A
6605  EE 3C C1    INC $C13C
6608  4C E4 65    JMP api_decimal_101
660B        api_decimal_101_done:
660B  A9 00       LDA #$00
660D  8D 3D C1    STA $C13D
6610        api_decimal_102:
6610  AD 3A C1    LDA $C13A
6613  C9 00       CMP #$00
6615  90 20       BCC api_decimal_102_done
6617  D0 07       BNE api_decimal_102_subtract
6619  AD 39 C1    LDA $C139
661C  C9 64       CMP #$64
661E  90 17       BCC api_decimal_102_done
6620        api_decimal_102_subtract:
6620  38          SEC
6621  AD 39 C1    LDA $C139
6624  E9 64       SBC #$64
6626  8D 39 C1    STA $C139
6629  AD 3A C1    LDA $C13A
662C  E9 00       SBC #$00
662E  8D 3A C1    STA $C13A
6631  EE 3D C1    INC $C13D
6634  4C 10 66    JMP api_decimal_102
6637        api_decimal_102_done:
6637  A9 00       LDA #$00
6639  8D 3E C1    STA $C13E
663C        api_decimal_103:
663C  AD 3A C1    LDA $C13A
663F  C9 00       CMP #$00
6641  90 20       BCC api_decimal_103_done
6643  D0 07       BNE api_decimal_103_subtract
6645  AD 39 C1    LDA $C139
6648  C9 0A       CMP #$0A
664A  90 17       BCC api_decimal_103_done
664C        api_decimal_103_subtract:
664C  38          SEC
664D  AD 39 C1    LDA $C139
6650  E9 0A       SBC #$0A
6652  8D 39 C1    STA $C139
6655  AD 3A C1    LDA $C13A
6658  E9 00       SBC #$00
665A  8D 3A C1    STA $C13A
665D  EE 3E C1    INC $C13E
6660  4C 3C 66    JMP api_decimal_103
6663        api_decimal_103_done:
6663  AD 39 C1    LDA $C139
6666  8D 3F C1    STA $C13F
6669  60          RTS
            ; String pool
666A        str_screen_0:
666A  10 0C 01 14 06 0F 12 0D 05 12 20 0D 09 0E 09 20 20 13 03 0F 12 05 20 20 30 00 .byte $10, $0C, $01, $14, $06, $0F, $12, $0D, $05, $12, $20, $0D, $09, $0E, $09, $20, $20, $13, $03, $0F, $12, $05, $20, $20, $30, $00
6684        str_screen_1:
6684  0A 0F 19 32 3A 20 0D 0F 16 05 20 2F 20 06 09 12 05 3A 20 0A 15 0D 10 00 .byte $0A, $0F, $19, $32, $3A, $20, $0D, $0F, $16, $05, $20, $2F, $20, $06, $09, $12, $05, $3A, $20, $0A, $15, $0D, $10, $00
            ; User data
669C        sprite_frames_platformerActors_0:
669C  00 18 00 00 3C 00 00 7E 00 00 DB 00 01 FF 80 03 FF C0 03 3C C0 03 7E C0 03 FF C0 01 FF 80 00 7E 00 00 3C 00 00 66 00 00 C3 00 01 81 80 03 00 C0 06 00 60 0C 00 30 18 00 18 30 00 0C 60 00 06 .byte $00, $18, $00, $00, $3C, $00, $00, $7E, $00, $00, $DB, $00, $01, $FF, $80, $03, $FF, $C0, $03, $3C, $C0, $03, $7E, $C0, $03, $FF, $C0, $01, $FF, $80, $00, $7E, $00, $00, $3C, $00, $00, $66, $00, $00, $C3, $00, $01, $81, $80, $03, $00, $C0, $06, $00, $60, $0C, $00, $30, $18, $00, $18, $30, $00, $0C, $60, $00, $06
66DB        sprite_frames_platformerActors_1:
66DB  00 18 00 00 3C 00 00 7E 00 00 DB 00 01 FF 80 03 FF C0 03 3C C0 03 7E C0 03 FF C0 01 FF 80 00 7E 00 00 3C 00 00 66 00 00 C3 00 01 81 80 03 00 C0 06 00 60 18 00 18 30 00 0C 60 00 06 30 00 0C .byte $00, $18, $00, $00, $3C, $00, $00, $7E, $00, $00, $DB, $00, $01, $FF, $80, $03, $FF, $C0, $03, $3C, $C0, $03, $7E, $C0, $03, $FF, $C0, $01, $FF, $80, $00, $7E, $00, $00, $3C, $00, $00, $66, $00, $00, $C3, $00, $01, $81, $80, $03, $00, $C0, $06, $00, $60, $18, $00, $18, $30, $00, $0C, $60, $00, $06, $30, $00, $0C
671A        sprite_frames_platformerEnemy_0:
671A  00 00 00 00 7E 00 01 FF 80 03 FF C0 07 E7 E0 07 E7 E0 07 FF E0 07 7E E0 07 FF E0 03 FF C0 01 FF 80 00 FF 00 01 BD 80 03 18 C0 06 18 60 0C 18 30 18 18 18 30 18 0C 60 18 06 60 00 06 00 00 00 .byte $00, $00, $00, $00, $7E, $00, $01, $FF, $80, $03, $FF, $C0, $07, $E7, $E0, $07, $E7, $E0, $07, $FF, $E0, $07, $7E, $E0, $07, $FF, $E0, $03, $FF, $C0, $01, $FF, $80, $00, $FF, $00, $01, $BD, $80, $03, $18, $C0, $06, $18, $60, $0C, $18, $30, $18, $18, $18, $30, $18, $0C, $60, $18, $06, $60, $00, $06, $00, $00, $00
6759        sprite_frames_platformerCoin_0:
6759  00 00 00 00 00 00 00 18 00 00 3C 00 00 7E 00 00 66 00 00 66 00 00 66 00 00 66 00 00 7E 00 00 3C 00 00 18 00 00 00 00 00 00 00 00 00 00 00 00 00 00 00 00 00 00 00 00 00 00 00 00 00 00 00 00 .byte $00, $00, $00, $00, $00, $00, $00, $18, $00, $00, $3C, $00, $00, $7E, $00, $00, $66, $00, $00, $66, $00, $00, $66, $00, $00, $66, $00, $00, $7E, $00, $00, $3C, $00, $00, $18, $00, $00, $00, $00, $00, $00, $00, $00, $00, $00, $00, $00, $00, $00, $00, $00, $00, $00, $00, $00, $00, $00, $00, $00, $00, $00, $00, $00
6798        asset_map_collisions_0:
6798  00 01 02 03 04 .byte $00, $01, $02, $03, $04
679D        asset_map_chars_0:
679D  20 A0 56 5E 48 .byte $20, $A0, $56, $5E, $48
67A2        asset_map_colors_0:
67A2  00 0E 02 05 07 .byte $00, $0E, $02, $05, $07
67A7        asset_rle_1:
67A7  FF 00 01 00 .byte $FF, $00, $01, $00
67AB        asset_rle_3:
67AB  85 00 07 01 74 00 .byte $85, $00, $07, $01, $74, $00
67B1        asset_rle_5:
67B1  1A 00 07 01 3B 00 06 01 9E 00 .byte $1A, $00, $07, $01, $3B, $00, $06, $01, $9E, $00
67BB        asset_rle_7:
67BB  1D 00 01 03 2A 00 0D 01 03 02 18 01 90 00 .byte $1D, $00, $01, $03, $2A, $00, $0D, $01, $03, $02, $18, $01, $90, $00
67C9        asset_rle_9:
67C9  4D 00 06 01 47 00 01 04 2D 00 07 01 1B 00 01 04 15 00 .byte $4D, $00, $06, $01, $47, $00, $01, $04, $2D, $00, $07, $01, $1B, $00, $01, $04, $15, $00
67DB        asset_rle_11:
67DB  31 00 07 01 02 00 01 04 1E 00 06 01 2B 00 01 04 0C 00 06 01 26 00 05 01 12 00 01 04 25 00 .byte $31, $00, $07, $01, $02, $00, $01, $04, $1E, $00, $06, $01, $2B, $00, $01, $04, $0C, $00, $06, $01, $26, $00, $05, $01, $12, $00, $01, $04, $25, $00
67F9        asset_rle_13:
67F9  16 00 01 03 13 00 01 04 15 00 11 01 04 02 15 01 04 02 22 01 70 00 .byte $16, $00, $01, $03, $13, $00, $01, $04, $15, $00, $11, $01, $04, $02, $15, $01, $04, $02, $22, $01, $70, $00
680F        asset_rle_17:
680F  60 00       .byte $60, $00
6811        sprite_sequence_0_idle-right:
6811  A0          .byte $A0
6812        sprite_sequence_0_idle-left:
6812  A0          .byte $A0
6813        sprite_sequence_0_run-right:
6813  A0 A1       .byte $A0, $A1
6815        sprite_sequence_0_run-left:
6815  A1 A0       .byte $A1, $A0
6817        sprite_sequence_0_jump-right:
6817  A1          .byte $A1
6818        sprite_sequence_0_jump-left:
6818  A1          .byte $A1
6819        sprite_sequence_1_enemy:
6819  A2          .byte $A2
681A        sprite_sequence_8_coin:
681A  A3          .byte $A3
