            ; Clear all 16 logical sprite slots before user initialization
4000  A2 00       LDX #$00
4002        sprite_mux_init_loop:
4002  A9 00       LDA #$00
4004  9D 05 C5    STA $C505,X
4007  9D 00 C4    STA $C400,X
400A  9D 01 C4    STA $C401,X
400D  9D 02 C4    STA $C402,X
4010  9D 03 C4    STA $C403,X
4013  9D 04 C4    STA $C404,X
4016  9D 05 C4    STA $C405,X
4019  9D 06 C4    STA $C406,X
401C  8A          TXA
401D  18          CLC
401E  69 08       ADC #$08
4020  AA          TAX
4021  E0 80       CPX #$80
4023  D0 DD       BNE sprite_mux_init_loop
4025  A2 00       LDX #$00
4027        copydata_2800_sprite_frames_platformerActors_0_63_0:
4027  BD FB 65    LDA sprite_frames_platformerActors_0,X
402A  9D 00 28    STA $2800,X
402D  E8          INX
402E  E0 3F       CPX #$3F
4030  D0 F5       BNE copydata_2800_sprite_frames_platformerActors_0_63_0
4032  A9 00       LDA #$00
4034  8D 3F 28    STA $283F
4037  A2 00       LDX #$00
4039        copydata_2840_sprite_frames_platformerActors_1_63_1:
4039  BD 3A 66    LDA sprite_frames_platformerActors_1,X
403C  9D 40 28    STA $2840,X
403F  E8          INX
4040  E0 3F       CPX #$3F
4042  D0 F5       BNE copydata_2840_sprite_frames_platformerActors_1_63_1
4044  A9 00       LDA #$00
4046  8D 7F 28    STA $287F
4049  A2 00       LDX #$00
404B        copydata_2880_sprite_frames_platformerEnemy_0_63_2:
404B  BD 79 66    LDA sprite_frames_platformerEnemy_0,X
404E  9D 80 28    STA $2880,X
4051  E8          INX
4052  E0 3F       CPX #$3F
4054  D0 F5       BNE copydata_2880_sprite_frames_platformerEnemy_0_63_2
4056  A9 00       LDA #$00
4058  8D BF 28    STA $28BF
405B  A2 00       LDX #$00
405D        copydata_28c0_sprite_frames_platformerCoin_0_63_3:
405D  BD B8 66    LDA sprite_frames_platformerCoin_0,X
4060  9D C0 28    STA $28C0,X
4063  E8          INX
4064  E0 3F       CPX #$3F
4066  D0 F5       BNE copydata_28c0_sprite_frames_platformerCoin_0_63_3
4068  A9 00       LDA #$00
406A  8D FF 28    STA $28FF
406D  A2 00       LDX #$00
406F  A0 00       LDY #$00
4071        asset_map_initial_rle_2:
4071  BD 06 67    LDA asset_rle_1,X
4074  8D 77 C7    STA $C777
4077  E8          INX
4078  BD 06 67    LDA asset_rle_1,X
407B  E8          INX
407C        asset_map_initial_rle_2_repeat:
407C  99 00 80    STA $8000,Y
407F  C8          INY
4080  CE 77 C7    DEC $C777
4083  D0 F7       BNE asset_map_initial_rle_2_repeat
4085  E0 04       CPX #$04
4087  D0 E8       BNE asset_map_initial_rle_2
4089  A2 00       LDX #$00
408B  A0 00       LDY #$00
408D        asset_map_initial_rle_4:
408D  BD 0A 67    LDA asset_rle_3,X
4090  8D 77 C7    STA $C777
4093  E8          INX
4094  BD 0A 67    LDA asset_rle_3,X
4097  E8          INX
4098        asset_map_initial_rle_4_repeat:
4098  99 00 81    STA $8100,Y
409B  C8          INY
409C  CE 77 C7    DEC $C777
409F  D0 F7       BNE asset_map_initial_rle_4_repeat
40A1  E0 06       CPX #$06
40A3  D0 E8       BNE asset_map_initial_rle_4
40A5  A2 00       LDX #$00
40A7  A0 00       LDY #$00
40A9        asset_map_initial_rle_6:
40A9  BD 10 67    LDA asset_rle_5,X
40AC  8D 77 C7    STA $C777
40AF  E8          INX
40B0  BD 10 67    LDA asset_rle_5,X
40B3  E8          INX
40B4        asset_map_initial_rle_6_repeat:
40B4  99 00 82    STA $8200,Y
40B7  C8          INY
40B8  CE 77 C7    DEC $C777
40BB  D0 F7       BNE asset_map_initial_rle_6_repeat
40BD  E0 0A       CPX #$0A
40BF  D0 E8       BNE asset_map_initial_rle_6
40C1  A2 00       LDX #$00
40C3  A0 00       LDY #$00
40C5        asset_map_initial_rle_8:
40C5  BD 1A 67    LDA asset_rle_7,X
40C8  8D 77 C7    STA $C777
40CB  E8          INX
40CC  BD 1A 67    LDA asset_rle_7,X
40CF  E8          INX
40D0        asset_map_initial_rle_8_repeat:
40D0  99 00 83    STA $8300,Y
40D3  C8          INY
40D4  CE 77 C7    DEC $C777
40D7  D0 F7       BNE asset_map_initial_rle_8_repeat
40D9  E0 0E       CPX #$0E
40DB  D0 E8       BNE asset_map_initial_rle_8
40DD  A2 00       LDX #$00
40DF  A0 00       LDY #$00
40E1        asset_map_initial_rle_10:
40E1  BD 28 67    LDA asset_rle_9,X
40E4  8D 77 C7    STA $C777
40E7  E8          INX
40E8  BD 28 67    LDA asset_rle_9,X
40EB  E8          INX
40EC        asset_map_initial_rle_10_repeat:
40EC  99 00 84    STA $8400,Y
40EF  C8          INY
40F0  CE 77 C7    DEC $C777
40F3  D0 F7       BNE asset_map_initial_rle_10_repeat
40F5  E0 12       CPX #$12
40F7  D0 E8       BNE asset_map_initial_rle_10
40F9  A2 00       LDX #$00
40FB  A0 00       LDY #$00
40FD        asset_map_initial_rle_12:
40FD  BD 3A 67    LDA asset_rle_11,X
4100  8D 77 C7    STA $C777
4103  E8          INX
4104  BD 3A 67    LDA asset_rle_11,X
4107  E8          INX
4108        asset_map_initial_rle_12_repeat:
4108  99 00 85    STA $8500,Y
410B  C8          INY
410C  CE 77 C7    DEC $C777
410F  D0 F7       BNE asset_map_initial_rle_12_repeat
4111  E0 1E       CPX #$1E
4113  D0 E8       BNE asset_map_initial_rle_12
4115  A2 00       LDX #$00
4117  A0 00       LDY #$00
4119        asset_map_initial_rle_14:
4119  BD 58 67    LDA asset_rle_13,X
411C  8D 77 C7    STA $C777
411F  E8          INX
4120  BD 58 67    LDA asset_rle_13,X
4123  E8          INX
4124        asset_map_initial_rle_14_repeat:
4124  99 00 86    STA $8600,Y
4127  C8          INY
4128  CE 77 C7    DEC $C777
412B  D0 F7       BNE asset_map_initial_rle_14_repeat
412D  E0 16       CPX #$16
412F  D0 E8       BNE asset_map_initial_rle_14
4131  A2 00       LDX #$00
4133  A0 00       LDY #$00
4135        asset_map_initial_rle_15:
4135  BD 06 67    LDA asset_rle_1,X
4138  8D 77 C7    STA $C777
413B  E8          INX
413C  BD 06 67    LDA asset_rle_1,X
413F  E8          INX
4140        asset_map_initial_rle_15_repeat:
4140  99 00 87    STA $8700,Y
4143  C8          INY
4144  CE 77 C7    DEC $C777
4147  D0 F7       BNE asset_map_initial_rle_15_repeat
4149  E0 04       CPX #$04
414B  D0 E8       BNE asset_map_initial_rle_15
414D  A2 00       LDX #$00
414F  A0 00       LDY #$00
4151        asset_map_initial_rle_16:
4151  BD 06 67    LDA asset_rle_1,X
4154  8D 77 C7    STA $C777
4157  E8          INX
4158  BD 06 67    LDA asset_rle_1,X
415B  E8          INX
415C        asset_map_initial_rle_16_repeat:
415C  99 00 88    STA $8800,Y
415F  C8          INY
4160  CE 77 C7    DEC $C777
4163  D0 F7       BNE asset_map_initial_rle_16_repeat
4165  E0 04       CPX #$04
4167  D0 E8       BNE asset_map_initial_rle_16
4169  A2 00       LDX #$00
416B  A0 00       LDY #$00
416D        asset_map_initial_rle_18:
416D  BD 6E 67    LDA asset_rle_17,X
4170  8D 77 C7    STA $C777
4173  E8          INX
4174  BD 6E 67    LDA asset_rle_17,X
4177  E8          INX
4178        asset_map_initial_rle_18_repeat:
4178  99 00 89    STA $8900,Y
417B  C8          INY
417C  CE 77 C7    DEC $C777
417F  D0 F7       BNE asset_map_initial_rle_18_repeat
4181  E0 02       CPX #$02
4183  D0 E8       BNE asset_map_initial_rle_18
4185  A9 00       LDA #$00
4187  8D 00 C1    STA $C100
418A  A9 00       LDA #$00
418C  8D 01 C1    STA $C101
418F  A9 30       LDA #$30
4191  8D 02 C1    STA $C102
4194  A9 00       LDA #$00
4196  8D 00 C5    STA $C500
4199  A9 00       LDA #$00
419B  8D 01 C5    STA $C501
419E  A9 00       LDA #$00
41A0  8D 02 C5    STA $C502
41A3  A9 00       LDA #$00
41A5  8D 03 C5    STA $C503
41A8  A9 00       LDA #$00
41AA  8D 04 C5    STA $C504
41AD  A9 00       LDA #$00
41AF  8D 05 C5    STA $C505
41B2  A9 01       LDA #$01
41B4  8D 05 C4    STA $C405
41B7  A9 A0       LDA #$A0
41B9  8D 04 C4    STA $C404
41BC  A9 07       LDA #$07
41BE  8D 05 C4    STA $C405
41C1  AD 06 C4    LDA $C406
41C4  29 FE       AND #$FE
41C6  8D 06 C4    STA $C406
41C9  AD 00 C4    LDA $C400
41CC  C9 00       CMP #$00
41CE  D0 05       BNE sprite_play_start_0_0_4
41D0  AD 03 C4    LDA $C403
41D3  D0 1A       BNE sprite_play_done_0_0_5
41D5        sprite_play_start_0_0_4:
41D5  A9 00       LDA #$00
41D7  8D 00 C4    STA $C400
41DA  A9 00       LDA #$00
41DC  8D 01 C4    STA $C401
41DF  A9 00       LDA #$00
41E1  8D 02 C4    STA $C402
41E4  A9 01       LDA #$01
41E6  8D 03 C4    STA $C403
41E9  AD 70 67    LDA sprite_sequence_0_idle-right
41EC  8D 04 C4    STA $C404
41EF        sprite_play_done_0_0_5:
41EF  A9 18       LDA #$18
41F1  8D 03 C1    STA $C103
41F4  A9 00       LDA #$00
41F6  8D 04 C1    STA $C104
41F9  A9 88       LDA #$88
41FB  8D 05 C1    STA $C105
41FE  A9 00       LDA #$00
4200  8D 06 C1    STA $C106
4203  A9 00       LDA #$00
4205  8D 07 C1    STA $C107
4208  A9 00       LDA #$00
420A  8D 08 C1    STA $C108
420D  A9 00       LDA #$00
420F  8D 09 C1    STA $C109
4212  A9 00       LDA #$00
4214  8D 0A C1    STA $C10A
4217  A9 00       LDA #$00
4219  8D 0B C1    STA $C10B
421C  A9 00       LDA #$00
421E  8D 0C C1    STA $C10C
4221  A9 01       LDA #$01
4223  8D 0D C1    STA $C10D
4226  A9 00       LDA #$00
4228  8D 0E C1    STA $C10E
422B  A9 00       LDA #$00
422D  8D 0F C1    STA $C10F
4230  A9 00       LDA #$00
4232  8D 10 C1    STA $C110
4235  A9 00       LDA #$00
4237  8D 08 C5    STA $C508
423A  A9 00       LDA #$00
423C  8D 09 C5    STA $C509
423F  A9 00       LDA #$00
4241  8D 0A C5    STA $C50A
4244  A9 00       LDA #$00
4246  8D 0B C5    STA $C50B
4249  A9 00       LDA #$00
424B  8D 0C C5    STA $C50C
424E  A9 00       LDA #$00
4250  8D 0D C5    STA $C50D
4253  A9 01       LDA #$01
4255  8D 0D C4    STA $C40D
4258  A9 A2       LDA #$A2
425A  8D 0C C4    STA $C40C
425D  A9 02       LDA #$02
425F  8D 0D C4    STA $C40D
4262  AD 0E C4    LDA $C40E
4265  29 FE       AND #$FE
4267  8D 0E C4    STA $C40E
426A  AD 08 C4    LDA $C408
426D  C9 00       CMP #$00
426F  D0 05       BNE sprite_play_start_1_0_6
4271  AD 0B C4    LDA $C40B
4274  D0 1A       BNE sprite_play_done_1_0_7
4276        sprite_play_start_1_0_6:
4276  A9 00       LDA #$00
4278  8D 08 C4    STA $C408
427B  A9 00       LDA #$00
427D  8D 09 C4    STA $C409
4280  A9 00       LDA #$00
4282  8D 0A C4    STA $C40A
4285  A9 01       LDA #$01
4287  8D 0B C4    STA $C40B
428A  AD 78 67    LDA sprite_sequence_1_enemy
428D  8D 0C C4    STA $C40C
4290        sprite_play_done_1_0_7:
4290  A9 E0       LDA #$E0
4292  8D 11 C1    STA $C111
4295  A9 00       LDA #$00
4297  8D 12 C1    STA $C112
429A  A9 60       LDA #$60
429C  8D 13 C1    STA $C113
429F  A9 00       LDA #$00
42A1  8D 14 C1    STA $C114
42A4  A9 00       LDA #$00
42A6  8D 15 C1    STA $C115
42A9  A9 00       LDA #$00
42AB  8D 16 C1    STA $C116
42AE  A9 00       LDA #$00
42B0  8D 17 C1    STA $C117
42B3  A9 00       LDA #$00
42B5  8D 18 C1    STA $C118
42B8  A9 00       LDA #$00
42BA  8D 19 C1    STA $C119
42BD  A9 00       LDA #$00
42BF  8D 1A C1    STA $C11A
42C2  A9 01       LDA #$01
42C4  8D 1B C1    STA $C11B
42C7  A9 00       LDA #$00
42C9  8D 1C C1    STA $C11C
42CC  A9 00       LDA #$00
42CE  8D 1D C1    STA $C11D
42D1  A9 00       LDA #$00
42D3  8D 1E C1    STA $C11E
42D6  A9 00       LDA #$00
42D8  8D 40 C5    STA $C540
42DB  A9 00       LDA #$00
42DD  8D 41 C5    STA $C541
42E0  A9 00       LDA #$00
42E2  8D 42 C5    STA $C542
42E5  A9 00       LDA #$00
42E7  8D 43 C5    STA $C543
42EA  A9 00       LDA #$00
42EC  8D 44 C5    STA $C544
42EF  A9 00       LDA #$00
42F1  8D 45 C5    STA $C545
42F4  A9 01       LDA #$01
42F6  8D 45 C4    STA $C445
42F9  A9 A3       LDA #$A3
42FB  8D 44 C4    STA $C444
42FE  A9 0A       LDA #$0A
4300  8D 45 C4    STA $C445
4303  AD 46 C4    LDA $C446
4306  29 FE       AND #$FE
4308  8D 46 C4    STA $C446
430B  AD 40 C4    LDA $C440
430E  C9 00       CMP #$00
4310  D0 05       BNE sprite_play_start_8_0_8
4312  AD 43 C4    LDA $C443
4315  D0 1A       BNE sprite_play_done_8_0_9
4317        sprite_play_start_8_0_8:
4317  A9 00       LDA #$00
4319  8D 40 C4    STA $C440
431C  A9 00       LDA #$00
431E  8D 41 C4    STA $C441
4321  A9 00       LDA #$00
4323  8D 42 C4    STA $C442
4326  A9 01       LDA #$01
4328  8D 43 C4    STA $C443
432B  AD 79 67    LDA sprite_sequence_8_coin
432E  8D 44 C4    STA $C444
4331        sprite_play_done_8_0_9:
4331  A9 E8       LDA #$E8
4333  8D 1F C1    STA $C11F
4336  A9 01       LDA #$01
4338  8D 20 C1    STA $C120
433B  A9 18       LDA #$18
433D  8D 21 C1    STA $C121
4340  A9 00       LDA #$00
4342  8D 22 C1    STA $C122
4345  A9 00       LDA #$00
4347  8D 23 C1    STA $C123
434A  A9 00       LDA #$00
434C  8D 24 C1    STA $C124
434F  A9 00       LDA #$00
4351  8D 25 C1    STA $C125
4354  A9 00       LDA #$00
4356  8D 26 C1    STA $C126
4359  A9 00       LDA #$00
435B  8D 27 C1    STA $C127
435E  A9 00       LDA #$00
4360  8D 28 C1    STA $C128
4363  A9 01       LDA #$01
4365  8D 29 C1    STA $C129
4368  A9 00       LDA #$00
436A  8D 2A C1    STA $C12A
436D  A9 00       LDA #$00
436F  8D 2B C1    STA $C12B
4372  A9 00       LDA #$00
4374  8D 2C C1    STA $C12C
4377  A9 00       LDA #$00
4379  8D 2D C1    STA $C12D
437C  A9 07       LDA #$07
437E  8D 2E C1    STA $C12E
4381  A9 02       LDA #$02
4383  8D 2F C1    STA $C12F
4386  A9 07       LDA #$07
4388  8D 30 C1    STA $C130
438B  A9 00       LDA #$00
438D  8D 33 C1    STA $C133
4390  A9 00       LDA #$00
4392  8D 34 C1    STA $C134
4395  A9 10       LDA #$10
4397  8D 35 C1    STA $C135
439A  A9 00       LDA #$00
439C  8D 36 C1    STA $C136
439F  AD 11 D0    LDA $D011
43A2  29 7F       AND #$7F
43A4  8D 31 C1    STA $C131
43A7  AD 16 D0    LDA $D016
43AA  8D 32 C1    STA $C132
43AD  A9 93       LDA #$93
43AF  20 D2 FF    JSR $FFD2
43B2  A9 00       LDA #$00
43B4  8D 20 D0    STA $D020
43B7  A9 00       LDA #$00
43B9  8D 21 D0    STA $D021
43BC  A9 01       LDA #$01
43BE  8D 86 02    STA $0286
43C1  A2 00       LDX #$00
43C3        printat_loop_10:
43C3  BD CA 65    LDA str_screen_0,X
43C6  F0 0B       BEQ printat_done_11
43C8  9D 49 07    STA $0749,X
43CB  A9 01       LDA #$01
43CD  9D 49 DB    STA $DB49,X
43D0  E8          INX
43D1  D0 F0       BNE printat_loop_10
43D3        printat_done_11:
43D3  A2 00       LDX #$00
43D5        printat_loop_12:
43D5  BD E3 65    LDA str_screen_1,X
43D8  F0 0B       BEQ printat_done_13
43DA  9D 99 07    STA $0799,X
43DD  A9 01       LDA #$01
43DF  9D 99 DB    STA $DB99,X
43E2  E8          INX
43E3  D0 F0       BNE printat_loop_12
43E5        printat_done_13:
43E5  A9 0C       LDA #$0C
43E7  8D 18 D4    STA $D418
43EA  AD 2D C1    LDA $C12D
43ED  8D C0 C7    STA $C7C0
43F0  AD 2F C1    LDA $C12F
43F3  8D C1 C7    STA $C7C1
43F6  AD 11 D0    LDA $D011
43F9  29 7F       AND #$7F
43FB  8D 31 C1    STA $C131
43FE  AD 16 D0    LDA $D016
4401  8D 32 C1    STA $C132
4404  20 CB 55    JSR runtime_map_viewport_0
4407  20 15 56    JSR runtime_map_scroll_restore_0
440A  A9 00       LDA #$00
440C  8D 37 C1    STA $C137
440F  A9 00       LDA #$00
4411  8D 7E C7    STA $C77E
4414  A9 00       LDA #$00
4416  8D 9B C5    STA $C59B
4419  78          SEI
441A  A9 7F       LDA #$7F
441C  8D 0D DC    STA $DC0D
441F  8D 0D DD    STA $DD0D
4422  AD 0D DC    LDA $DC0D
4425  AD 0D DD    LDA $DD0D
4428  A9 00       LDA #$00
442A  8D FE C0    STA $C0FE
442D  78          SEI
442E  A9 01       LDA #$01
4430  8D 1A D0    STA $D01A
4433  A9 01       LDA #$01
4435  8D 19 D0    STA $D019
4438  A9 1E       LDA #$1E
443A  8D 12 D0    STA $D012
443D  AD 11 D0    LDA $D011
4440  29 7F       AND #$7F
4442  8D 11 D0    STA $D011
4445  A9 53       LDA #<irq_dispatch
4447  8D 14 03    STA $0314
444A  A9 44       LDA #>irq_dispatch
444C  8D 15 03    STA $0315
444F  58          CLI
4450  4C 1D 45    JMP program_end
            ; Raster IRQ dispatcher
4453        irq_dispatch:
4453  48          PHA
4454  8A          TXA
4455  48          PHA
4456  98          TYA
4457  48          PHA
4458  AD 19 D0    LDA $D019
445B  29 01       AND #$01
445D  D0 0E       BNE irq_dispatch_vic_raster
445F  AD 0D DC    LDA $DC0D
4462  AD 0D DD    LDA $DD0D
4465  68          PLA
4466  A8          TAY
4467  68          PLA
4468  AA          TAX
4469  68          PLA
446A  4C 81 EA    JMP $EA81
446D        irq_dispatch_vic_raster:
446D  A9 01       LDA #$01
446F  8D 19 D0    STA $D019
4472  AD FE C0    LDA $C0FE
4475  C9 00       CMP #$00
4477  F0 03       BEQ irq_dispatch_match_0
4479  4C 7F 44    JMP irq_dispatch_next_0
447C        irq_dispatch_match_0:
447C  4C A0 44    JMP irq_handler_0
447F        irq_dispatch_next_0:
447F  C9 01       CMP #$01
4481  F0 03       BEQ irq_dispatch_match_1
4483  4C 89 44    JMP irq_dispatch_next_1
4486        irq_dispatch_match_1:
4486  4C C2 44    JMP irq_handler_1
4489        irq_dispatch_next_1:
4489  C9 02       CMP #$02
448B  F0 03       BEQ irq_dispatch_match_2
448D  4C 93 44    JMP irq_dispatch_next_2
4490        irq_dispatch_match_2:
4490  4C DF 44    JMP irq_handler_2
4493        irq_dispatch_next_2:
4493  C9 03       CMP #$03
4495  F0 03       BEQ irq_dispatch_match_3
4497  4C 9D 44    JMP irq_dispatch_next_3
449A        irq_dispatch_match_3:
449A  4C 00 45    JMP irq_handler_3
449D        irq_dispatch_next_3:
449D  4C A0 44    JMP irq_handler_0
44A0        irq_handler_0:
44A0  20 01 56    JSR runtime_map_scroll_apply_0
44A3  A9 01       LDA #$01
44A5  8D 7E C7    STA $C77E
44A8  A9 01       LDA #$01
44AA  8D FE C0    STA $C0FE
44AD  A9 D2       LDA #$D2
44AF  8D 12 D0    STA $D012
44B2  AD 11 D0    LDA $D011
44B5  29 7F       AND #$7F
44B7  8D 11 D0    STA $D011
44BA  68          PLA
44BB  A8          TAY
44BC  68          PLA
44BD  AA          TAX
44BE  68          PLA
44BF  4C 81 EA    JMP $EA81
44C2        irq_handler_1:
44C2  20 0E 56    JSR runtime_map_scroll_leave_0
44C5  A9 02       LDA #$02
44C7  8D FE C0    STA $C0FE
44CA  A9 FA       LDA #$FA
44CC  8D 12 D0    STA $D012
44CF  AD 11 D0    LDA $D011
44D2  29 7F       AND #$7F
44D4  8D 11 D0    STA $D011
44D7  68          PLA
44D8  A8          TAY
44D9  68          PLA
44DA  AA          TAX
44DB  68          PLA
44DC  4C 81 EA    JMP $EA81
44DF        irq_handler_2:
44DF  A9 00       LDA #$00
44E1  8D 21 D0    STA $D021
44E4  A9 03       LDA #$03
44E6  8D FE C0    STA $C0FE
44E9  A9 00       LDA #$00
44EB  8D 12 D0    STA $D012
44EE  AD 11 D0    LDA $D011
44F1  29 7F       AND #$7F
44F3  09 80       ORA #$80
44F5  8D 11 D0    STA $D011
44F8  68          PLA
44F9  A8          TAY
44FA  68          PLA
44FB  AA          TAX
44FC  68          PLA
44FD  4C 81 EA    JMP $EA81
4500        irq_handler_3:
4500  20 BA 50    JSR runtime_sprite_mux_present
4503  A9 00       LDA #$00
4505  8D FE C0    STA $C0FE
4508  A9 1E       LDA #$1E
450A  8D 12 D0    STA $D012
450D  AD 11 D0    LDA $D011
4510  29 7F       AND #$7F
4512  8D 11 D0    STA $D011
4515  68          PLA
4516  A8          TAY
4517  68          PLA
4518  AA          TAX
4519  68          PLA
451A  4C 81 EA    JMP $EA81
451D        program_end:
            ; Deterministic game frame loop
451D  A9 00       LDA #$00
451F  8D 6A C7    STA $C76A
4522  A9 00       LDA #$00
4524  8D 6B C7    STA $C76B
4527  A9 00       LDA #$00
4529  8D 70 C7    STA $C770
452C  A9 FF       LDA #$FF
452E  8D 67 C7    STA $C767
4531  A9 FF       LDA #$FF
4533  8D 69 C7    STA $C769
4536  A9 3C       LDA #$3C
4538  8D 6F C7    STA $C76F
453B        game_video_detect_low:
453B  AD 11 D0    LDA $D011
453E  30 FB       BMI game_video_detect_low
4540        game_video_detect_high:
4540  AD 11 D0    LDA $D011
4543  10 FB       BPL game_video_detect_high
4545        game_video_detect_scan:
4545  AD 11 D0    LDA $D011
4548  10 0F       BPL game_video_detect_done
454A  AD 12 D0    LDA $D012
454D  C9 20       CMP #$20
454F  B0 03       BCS game_video_detect_pal
4551  4C 45 45    JMP game_video_detect_scan
4554        game_video_detect_pal:
4554  A9 32       LDA #$32
4556  8D 6F C7    STA $C76F
4559        game_video_detect_done:
4559        game_frame_loop:
4559        game_frame_wait_leave:
4559  AD 7E C7    LDA $C77E
455C  F0 FB       BEQ game_frame_wait_leave
455E  A9 00       LDA #$00
4560  8D 7E C7    STA $C77E
4563        game_frame_target_reached:
4563  18          CLC
4564  AD 70 C7    LDA $C770
4567  69 32       ADC #$32
4569  8D 70 C7    STA $C770
456C  CD 6F C7    CMP $C76F
456F  B0 03       BCS game_frame_logical_tick
4571  4C 59 45    JMP game_frame_loop
4574        game_frame_logical_tick:
4574  38          SEC
4575  AD 70 C7    LDA $C770
4578  ED 6F C7    SBC $C76F
457B  8D 70 C7    STA $C770
457E  AD 67 C7    LDA $C767
4581  8D 69 C7    STA $C769
4584  AD 00 DC    LDA $DC00
4587  8D 67 C7    STA $C767
458A  EE 6A C7    INC $C76A
458D  D0 03       BNE game_frame_counter_done_14
458F  EE 6B C7    INC $C76B
4592        game_frame_counter_done_14:
4592  A9 00       LDA #$00
4594  8D 9B C5    STA $C59B
4597  A9 00       LDA #$00
4599  8D 07 C1    STA $C107
459C  AD 67 C7    LDA $C767
459F  29 04       AND #$04
45A1  F0 03       BEQ condition_pass_16
45A3  4C B3 45    JMP control_if_else_15
45A6        condition_pass_16:
45A6  A9 FE       LDA #$FE
45A8  8D 07 C1    STA $C107
45AB  A9 01       LDA #$01
45AD  8D 00 C1    STA $C100
45B0  4C B3 45    JMP control_if_end_15
45B3        control_if_else_15:
45B3        control_if_end_15:
45B3  AD 67 C7    LDA $C767
45B6  29 08       AND #$08
45B8  F0 03       BEQ condition_pass_18
45BA  4C CA 45    JMP control_if_else_17
45BD        condition_pass_18:
45BD  A9 02       LDA #$02
45BF  8D 07 C1    STA $C107
45C2  A9 00       LDA #$00
45C4  8D 00 C1    STA $C100
45C7  4C CA 45    JMP control_if_end_17
45CA        control_if_else_17:
45CA        control_if_end_17:
45CA  AD 09 C1    LDA $C109
45CD  C9 01       CMP #$01
45CF  F0 03       BEQ condition_pass_20
45D1  4C F8 45    JMP control_if_else_19
45D4        condition_pass_20:
45D4  AD 67 C7    LDA $C767
45D7  29 10       AND #$10
45D9  F0 03       BEQ joystick_current_pressed_22
45DB  4C F5 45    JMP control_if_else_21
45DE        joystick_current_pressed_22:
45DE  AD 69 C7    LDA $C769
45E1  29 10       AND #$10
45E3  D0 03       BNE condition_pass_22
45E5  4C F5 45    JMP control_if_else_21
45E8        condition_pass_22:
45E8  A9 F8       LDA #$F8
45EA  8D 08 C1    STA $C108
45ED  A9 00       LDA #$00
45EF  8D 09 C1    STA $C109
45F2  4C F5 45    JMP control_if_end_21
45F5        control_if_else_21:
45F5        control_if_end_21:
45F5  4C F8 45    JMP control_if_end_19
45F8        control_if_else_19:
45F8        control_if_end_19:
45F8  AD 08 C1    LDA $C108
45FB  18          CLC
45FC  69 01       ADC #$01
45FE  8D 08 C1    STA $C108
4601  20 FF 50    JSR runtime_map_entity_move_1
4604  AD 03 C4    LDA $C403
4607  D0 03       BNE sprite_anim_active_0_24
4609  4C 44 47    JMP sprite_anim_done_0_23
460C        sprite_anim_active_0_24:
460C  AD 00 C4    LDA $C400
460F  C9 00       CMP #$00
4611  D0 2D       BNE sprite_anim_next_seq_0_0_25
4613  EE 02 C4    INC $C402
4616  AD 02 C4    LDA $C402
4619  C9 08       CMP #$08
461B  B0 03       BCS sprite_anim_advance_0_0_26
461D  4C 44 47    JMP sprite_anim_done_0_23
4620        sprite_anim_advance_0_0_26:
4620  A9 00       LDA #$00
4622  8D 02 C4    STA $C402
4625  EE 01 C4    INC $C401
4628  AD 01 C4    LDA $C401
462B  C9 01       CMP #$01
462D  90 05       BCC sprite_anim_pos_ok_0_0_27
462F  A9 00       LDA #$00
4631  8D 01 C4    STA $C401
4634        sprite_anim_pos_ok_0_0_27:
4634  AE 01 C4    LDX $C401
4637  BD 70 67    LDA sprite_sequence_0_idle-right,X
463A  8D 04 C4    STA $C404
463D  4C 44 47    JMP sprite_anim_done_0_23
4640        sprite_anim_next_seq_0_0_25:
4640  AD 00 C4    LDA $C400
4643  C9 01       CMP #$01
4645  D0 2D       BNE sprite_anim_next_seq_0_1_28
4647  EE 02 C4    INC $C402
464A  AD 02 C4    LDA $C402
464D  C9 08       CMP #$08
464F  B0 03       BCS sprite_anim_advance_0_1_29
4651  4C 44 47    JMP sprite_anim_done_0_23
4654        sprite_anim_advance_0_1_29:
4654  A9 00       LDA #$00
4656  8D 02 C4    STA $C402
4659  EE 01 C4    INC $C401
465C  AD 01 C4    LDA $C401
465F  C9 01       CMP #$01
4661  90 05       BCC sprite_anim_pos_ok_0_1_30
4663  A9 00       LDA #$00
4665  8D 01 C4    STA $C401
4668        sprite_anim_pos_ok_0_1_30:
4668  AE 01 C4    LDX $C401
466B  BD 71 67    LDA sprite_sequence_0_idle-left,X
466E  8D 04 C4    STA $C404
4671  4C 44 47    JMP sprite_anim_done_0_23
4674        sprite_anim_next_seq_0_1_28:
4674  AD 00 C4    LDA $C400
4677  C9 02       CMP #$02
4679  D0 2D       BNE sprite_anim_next_seq_0_2_31
467B  EE 02 C4    INC $C402
467E  AD 02 C4    LDA $C402
4681  C9 05       CMP #$05
4683  B0 03       BCS sprite_anim_advance_0_2_32
4685  4C 44 47    JMP sprite_anim_done_0_23
4688        sprite_anim_advance_0_2_32:
4688  A9 00       LDA #$00
468A  8D 02 C4    STA $C402
468D  EE 01 C4    INC $C401
4690  AD 01 C4    LDA $C401
4693  C9 02       CMP #$02
4695  90 05       BCC sprite_anim_pos_ok_0_2_33
4697  A9 00       LDA #$00
4699  8D 01 C4    STA $C401
469C        sprite_anim_pos_ok_0_2_33:
469C  AE 01 C4    LDX $C401
469F  BD 72 67    LDA sprite_sequence_0_run-right,X
46A2  8D 04 C4    STA $C404
46A5  4C 44 47    JMP sprite_anim_done_0_23
46A8        sprite_anim_next_seq_0_2_31:
46A8  AD 00 C4    LDA $C400
46AB  C9 03       CMP #$03
46AD  D0 2D       BNE sprite_anim_next_seq_0_3_34
46AF  EE 02 C4    INC $C402
46B2  AD 02 C4    LDA $C402
46B5  C9 05       CMP #$05
46B7  B0 03       BCS sprite_anim_advance_0_3_35
46B9  4C 44 47    JMP sprite_anim_done_0_23
46BC        sprite_anim_advance_0_3_35:
46BC  A9 00       LDA #$00
46BE  8D 02 C4    STA $C402
46C1  EE 01 C4    INC $C401
46C4  AD 01 C4    LDA $C401
46C7  C9 02       CMP #$02
46C9  90 05       BCC sprite_anim_pos_ok_0_3_36
46CB  A9 00       LDA #$00
46CD  8D 01 C4    STA $C401
46D0        sprite_anim_pos_ok_0_3_36:
46D0  AE 01 C4    LDX $C401
46D3  BD 74 67    LDA sprite_sequence_0_run-left,X
46D6  8D 04 C4    STA $C404
46D9  4C 44 47    JMP sprite_anim_done_0_23
46DC        sprite_anim_next_seq_0_3_34:
46DC  AD 00 C4    LDA $C400
46DF  C9 04       CMP #$04
46E1  D0 2D       BNE sprite_anim_next_seq_0_4_37
46E3  EE 02 C4    INC $C402
46E6  AD 02 C4    LDA $C402
46E9  C9 08       CMP #$08
46EB  B0 03       BCS sprite_anim_advance_0_4_38
46ED  4C 44 47    JMP sprite_anim_done_0_23
46F0        sprite_anim_advance_0_4_38:
46F0  A9 00       LDA #$00
46F2  8D 02 C4    STA $C402
46F5  EE 01 C4    INC $C401
46F8  AD 01 C4    LDA $C401
46FB  C9 01       CMP #$01
46FD  90 05       BCC sprite_anim_pos_ok_0_4_39
46FF  A9 00       LDA #$00
4701  8D 01 C4    STA $C401
4704        sprite_anim_pos_ok_0_4_39:
4704  AE 01 C4    LDX $C401
4707  BD 76 67    LDA sprite_sequence_0_jump-right,X
470A  8D 04 C4    STA $C404
470D  4C 44 47    JMP sprite_anim_done_0_23
4710        sprite_anim_next_seq_0_4_37:
4710  AD 00 C4    LDA $C400
4713  C9 05       CMP #$05
4715  D0 2D       BNE sprite_anim_next_seq_0_5_40
4717  EE 02 C4    INC $C402
471A  AD 02 C4    LDA $C402
471D  C9 08       CMP #$08
471F  B0 03       BCS sprite_anim_advance_0_5_41
4721  4C 44 47    JMP sprite_anim_done_0_23
4724        sprite_anim_advance_0_5_41:
4724  A9 00       LDA #$00
4726  8D 02 C4    STA $C402
4729  EE 01 C4    INC $C401
472C  AD 01 C4    LDA $C401
472F  C9 01       CMP #$01
4731  90 05       BCC sprite_anim_pos_ok_0_5_42
4733  A9 00       LDA #$00
4735  8D 01 C4    STA $C401
4738        sprite_anim_pos_ok_0_5_42:
4738  AE 01 C4    LDX $C401
473B  BD 77 67    LDA sprite_sequence_0_jump-left,X
473E  8D 04 C4    STA $C404
4741  4C 44 47    JMP sprite_anim_done_0_23
4744        sprite_anim_next_seq_0_5_40:
4744        sprite_anim_done_0_23:
4744  AD 09 C1    LDA $C109
4747  C9 01       CMP #$01
4749  F0 03       BEQ condition_pass_44
474B  4C 10 48    JMP control_if_else_43
474E        condition_pass_44:
474E  AD 07 C1    LDA $C107
4751  C9 00       CMP #$00
4753  F0 03       BEQ condition_pass_46
4755  4C B4 47    JMP control_if_else_45
4758        condition_pass_46:
4758  AD 00 C1    LDA $C100
475B  C9 01       CMP #$01
475D  F0 03       BEQ condition_pass_48
475F  4C 8B 47    JMP control_if_else_47
4762        condition_pass_48:
4762  AD 00 C4    LDA $C400
4765  C9 01       CMP #$01
4767  D0 05       BNE sprite_play_start_0_1_49
4769  AD 03 C4    LDA $C403
476C  D0 1A       BNE sprite_play_done_0_1_50
476E        sprite_play_start_0_1_49:
476E  A9 01       LDA #$01
4770  8D 00 C4    STA $C400
4773  A9 00       LDA #$00
4775  8D 01 C4    STA $C401
4778  A9 00       LDA #$00
477A  8D 02 C4    STA $C402
477D  A9 01       LDA #$01
477F  8D 03 C4    STA $C403
4782  AD 71 67    LDA sprite_sequence_0_idle-left
4785  8D 04 C4    STA $C404
4788        sprite_play_done_0_1_50:
4788  4C B1 47    JMP control_if_end_47
478B        control_if_else_47:
478B  AD 00 C4    LDA $C400
478E  C9 00       CMP #$00
4790  D0 05       BNE sprite_play_start_0_0_51
4792  AD 03 C4    LDA $C403
4795  D0 1A       BNE sprite_play_done_0_0_52
4797        sprite_play_start_0_0_51:
4797  A9 00       LDA #$00
4799  8D 00 C4    STA $C400
479C  A9 00       LDA #$00
479E  8D 01 C4    STA $C401
47A1  A9 00       LDA #$00
47A3  8D 02 C4    STA $C402
47A6  A9 01       LDA #$01
47A8  8D 03 C4    STA $C403
47AB  AD 70 67    LDA sprite_sequence_0_idle-right
47AE  8D 04 C4    STA $C404
47B1        sprite_play_done_0_0_52:
47B1        control_if_end_47:
47B1  4C 0D 48    JMP control_if_end_45
47B4        control_if_else_45:
47B4  AD 00 C1    LDA $C100
47B7  C9 01       CMP #$01
47B9  F0 03       BEQ condition_pass_54
47BB  4C E7 47    JMP control_if_else_53
47BE        condition_pass_54:
47BE  AD 00 C4    LDA $C400
47C1  C9 03       CMP #$03
47C3  D0 05       BNE sprite_play_start_0_3_55
47C5  AD 03 C4    LDA $C403
47C8  D0 1A       BNE sprite_play_done_0_3_56
47CA        sprite_play_start_0_3_55:
47CA  A9 03       LDA #$03
47CC  8D 00 C4    STA $C400
47CF  A9 00       LDA #$00
47D1  8D 01 C4    STA $C401
47D4  A9 00       LDA #$00
47D6  8D 02 C4    STA $C402
47D9  A9 01       LDA #$01
47DB  8D 03 C4    STA $C403
47DE  AD 74 67    LDA sprite_sequence_0_run-left
47E1  8D 04 C4    STA $C404
47E4        sprite_play_done_0_3_56:
47E4  4C 0D 48    JMP control_if_end_53
47E7        control_if_else_53:
47E7  AD 00 C4    LDA $C400
47EA  C9 02       CMP #$02
47EC  D0 05       BNE sprite_play_start_0_2_57
47EE  AD 03 C4    LDA $C403
47F1  D0 1A       BNE sprite_play_done_0_2_58
47F3        sprite_play_start_0_2_57:
47F3  A9 02       LDA #$02
47F5  8D 00 C4    STA $C400
47F8  A9 00       LDA #$00
47FA  8D 01 C4    STA $C401
47FD  A9 00       LDA #$00
47FF  8D 02 C4    STA $C402
4802  A9 01       LDA #$01
4804  8D 03 C4    STA $C403
4807  AD 72 67    LDA sprite_sequence_0_run-right
480A  8D 04 C4    STA $C404
480D        sprite_play_done_0_2_58:
480D        control_if_end_53:
480D        control_if_end_45:
480D  4C 69 48    JMP control_if_end_43
4810        control_if_else_43:
4810  AD 00 C1    LDA $C100
4813  C9 01       CMP #$01
4815  F0 03       BEQ condition_pass_60
4817  4C 43 48    JMP control_if_else_59
481A        condition_pass_60:
481A  AD 00 C4    LDA $C400
481D  C9 05       CMP #$05
481F  D0 05       BNE sprite_play_start_0_5_61
4821  AD 03 C4    LDA $C403
4824  D0 1A       BNE sprite_play_done_0_5_62
4826        sprite_play_start_0_5_61:
4826  A9 05       LDA #$05
4828  8D 00 C4    STA $C400
482B  A9 00       LDA #$00
482D  8D 01 C4    STA $C401
4830  A9 00       LDA #$00
4832  8D 02 C4    STA $C402
4835  A9 01       LDA #$01
4837  8D 03 C4    STA $C403
483A  AD 77 67    LDA sprite_sequence_0_jump-left
483D  8D 04 C4    STA $C404
4840        sprite_play_done_0_5_62:
4840  4C 69 48    JMP control_if_end_59
4843        control_if_else_59:
4843  AD 00 C4    LDA $C400
4846  C9 04       CMP #$04
4848  D0 05       BNE sprite_play_start_0_4_63
484A  AD 03 C4    LDA $C403
484D  D0 1A       BNE sprite_play_done_0_4_64
484F        sprite_play_start_0_4_63:
484F  A9 04       LDA #$04
4851  8D 00 C4    STA $C400
4854  A9 00       LDA #$00
4856  8D 01 C4    STA $C401
4859  A9 00       LDA #$00
485B  8D 02 C4    STA $C402
485E  A9 01       LDA #$01
4860  8D 03 C4    STA $C403
4863  AD 76 67    LDA sprite_sequence_0_jump-right
4866  8D 04 C4    STA $C404
4869        sprite_play_done_0_4_64:
4869        control_if_end_59:
4869        control_if_end_43:
4869  18          CLC
486A  AD 03 C1    LDA $C103
486D  69 0C       ADC #$0C
486F  8D C4 C7    STA $C7C4
4872  AD 04 C1    LDA $C104
4875  69 00       ADC #$00
4877  8D C5 C7    STA $C7C5
487A  18          CLC
487B  AD 33 C1    LDA $C133
487E  69 C7       ADC #$C7
4880  8D BD C7    STA $C7BD
4883  AD 34 C1    LDA $C134
4886  69 00       ADC #$00
4888  8D BE C7    STA $C7BE
488B  AD C5 C7    LDA $C7C5
488E  CD BE C7    CMP $C7BE
4891  F0 05       BEQ map_camera_follow_x_1_1_65_0_positive_compare_high_equal
4893  90 10       BCC map_camera_follow_x_1_1_65_0_positive_compare_false
4895  4C D6 48    JMP map_camera_follow_x_1_1_65_0_move_positive
4898        map_camera_follow_x_1_1_65_0_positive_compare_high_equal:
4898  AD C4 C7    LDA $C7C4
489B  CD BD C7    CMP $C7BD
489E  F0 05       BEQ map_camera_follow_x_1_1_65_0_positive_compare_false
48A0  90 03       BCC map_camera_follow_x_1_1_65_0_positive_compare_false
48A2  4C D6 48    JMP map_camera_follow_x_1_1_65_0_move_positive
48A5        map_camera_follow_x_1_1_65_0_positive_compare_false:
48A5  4C A8 48    JMP map_camera_follow_x_1_1_65_0_check_negative
48A8        map_camera_follow_x_1_1_65_0_check_negative:
48A8  18          CLC
48A9  AD 33 C1    LDA $C133
48AC  69 68       ADC #$68
48AE  8D BD C7    STA $C7BD
48B1  AD 34 C1    LDA $C134
48B4  69 00       ADC #$00
48B6  8D BE C7    STA $C7BE
48B9  AD BE C7    LDA $C7BE
48BC  CD C5 C7    CMP $C7C5
48BF  F0 05       BEQ map_camera_follow_x_1_1_65_0_negative_compare_high_equal
48C1  90 10       BCC map_camera_follow_x_1_1_65_0_negative_compare_false
48C3  4C 00 49    JMP map_camera_follow_x_1_1_65_0_move_negative
48C6        map_camera_follow_x_1_1_65_0_negative_compare_high_equal:
48C6  AD BD C7    LDA $C7BD
48C9  CD C4 C7    CMP $C7C4
48CC  F0 05       BEQ map_camera_follow_x_1_1_65_0_negative_compare_false
48CE  90 03       BCC map_camera_follow_x_1_1_65_0_negative_compare_false
48D0  4C 00 49    JMP map_camera_follow_x_1_1_65_0_move_negative
48D3        map_camera_follow_x_1_1_65_0_negative_compare_false:
48D3  4C 31 49    JMP map_camera_follow_x_1_1_65_0_done
48D6        map_camera_follow_x_1_1_65_0_move_positive:
48D6  AD 2D C1    LDA $C12D
48D9  C9 2C       CMP #$2C
48DB  F0 20       BEQ map_scroll_done_66
48DD        map_scroll_can_move_66:
48DD  AD 2E C1    LDA $C12E
48E0  F0 06       BEQ map_scroll_wrap_66
48E2  CE 2E C1    DEC $C12E
48E5  4C F5 48    JMP map_scroll_moved_66
48E8        map_scroll_wrap_66:
48E8  EE 2D C1    INC $C12D
48EB  A9 07       LDA #$07
48ED  8D 2E C1    STA $C12E
48F0  A9 01       LDA #$01
48F2  8D 37 C1    STA $C137
48F5        map_scroll_moved_66:
48F5  EE 33 C1    INC $C133
48F8  D0 03       BNE map_scroll_pixel_x_inc_66_done
48FA  EE 34 C1    INC $C134
48FD        map_scroll_pixel_x_inc_66_done:
48FD        map_scroll_done_66:
48FD  4C 31 49    JMP map_camera_follow_x_1_1_65_0_done
4900        map_camera_follow_x_1_1_65_0_move_negative:
4900  AD 2D C1    LDA $C12D
4903  D0 07       BNE map_scroll_can_move_67
4905  AD 2E C1    LDA $C12E
4908  C9 07       CMP #$07
490A  F0 25       BEQ map_scroll_done_67
490C        map_scroll_can_move_67:
490C  AD 2E C1    LDA $C12E
490F  C9 07       CMP #$07
4911  F0 06       BEQ map_scroll_wrap_67
4913  EE 2E C1    INC $C12E
4916  4C 26 49    JMP map_scroll_moved_67
4919        map_scroll_wrap_67:
4919  CE 2D C1    DEC $C12D
491C  A9 00       LDA #$00
491E  8D 2E C1    STA $C12E
4921  A9 FF       LDA #$FF
4923  8D 37 C1    STA $C137
4926        map_scroll_moved_67:
4926  AD 33 C1    LDA $C133
4929  D0 03       BNE map_scroll_pixel_x_dec_67_low
492B  CE 34 C1    DEC $C134
492E        map_scroll_pixel_x_dec_67_low:
492E  CE 33 C1    DEC $C133
4931        map_scroll_done_67:
4931        map_camera_follow_x_1_1_65_0_done:
4931  18          CLC
4932  AD 03 C1    LDA $C103
4935  69 0C       ADC #$0C
4937  8D C4 C7    STA $C7C4
493A  AD 04 C1    LDA $C104
493D  69 00       ADC #$00
493F  8D C5 C7    STA $C7C5
4942  18          CLC
4943  AD 33 C1    LDA $C133
4946  69 C7       ADC #$C7
4948  8D BD C7    STA $C7BD
494B  AD 34 C1    LDA $C134
494E  69 00       ADC #$00
4950  8D BE C7    STA $C7BE
4953  AD C5 C7    LDA $C7C5
4956  CD BE C7    CMP $C7BE
4959  F0 05       BEQ map_camera_follow_x_1_1_68_1_positive_compare_high_equal
495B  90 10       BCC map_camera_follow_x_1_1_68_1_positive_compare_false
495D  4C 9E 49    JMP map_camera_follow_x_1_1_68_1_move_positive
4960        map_camera_follow_x_1_1_68_1_positive_compare_high_equal:
4960  AD C4 C7    LDA $C7C4
4963  CD BD C7    CMP $C7BD
4966  F0 05       BEQ map_camera_follow_x_1_1_68_1_positive_compare_false
4968  90 03       BCC map_camera_follow_x_1_1_68_1_positive_compare_false
496A  4C 9E 49    JMP map_camera_follow_x_1_1_68_1_move_positive
496D        map_camera_follow_x_1_1_68_1_positive_compare_false:
496D  4C 70 49    JMP map_camera_follow_x_1_1_68_1_check_negative
4970        map_camera_follow_x_1_1_68_1_check_negative:
4970  18          CLC
4971  AD 33 C1    LDA $C133
4974  69 68       ADC #$68
4976  8D BD C7    STA $C7BD
4979  AD 34 C1    LDA $C134
497C  69 00       ADC #$00
497E  8D BE C7    STA $C7BE
4981  AD BE C7    LDA $C7BE
4984  CD C5 C7    CMP $C7C5
4987  F0 05       BEQ map_camera_follow_x_1_1_68_1_negative_compare_high_equal
4989  90 10       BCC map_camera_follow_x_1_1_68_1_negative_compare_false
498B  4C C8 49    JMP map_camera_follow_x_1_1_68_1_move_negative
498E        map_camera_follow_x_1_1_68_1_negative_compare_high_equal:
498E  AD BD C7    LDA $C7BD
4991  CD C4 C7    CMP $C7C4
4994  F0 05       BEQ map_camera_follow_x_1_1_68_1_negative_compare_false
4996  90 03       BCC map_camera_follow_x_1_1_68_1_negative_compare_false
4998  4C C8 49    JMP map_camera_follow_x_1_1_68_1_move_negative
499B        map_camera_follow_x_1_1_68_1_negative_compare_false:
499B  4C F9 49    JMP map_camera_follow_x_1_1_68_1_done
499E        map_camera_follow_x_1_1_68_1_move_positive:
499E  AD 2D C1    LDA $C12D
49A1  C9 2C       CMP #$2C
49A3  F0 20       BEQ map_scroll_done_69
49A5        map_scroll_can_move_69:
49A5  AD 2E C1    LDA $C12E
49A8  F0 06       BEQ map_scroll_wrap_69
49AA  CE 2E C1    DEC $C12E
49AD  4C BD 49    JMP map_scroll_moved_69
49B0        map_scroll_wrap_69:
49B0  EE 2D C1    INC $C12D
49B3  A9 07       LDA #$07
49B5  8D 2E C1    STA $C12E
49B8  A9 01       LDA #$01
49BA  8D 37 C1    STA $C137
49BD        map_scroll_moved_69:
49BD  EE 33 C1    INC $C133
49C0  D0 03       BNE map_scroll_pixel_x_inc_69_done
49C2  EE 34 C1    INC $C134
49C5        map_scroll_pixel_x_inc_69_done:
49C5        map_scroll_done_69:
49C5  4C F9 49    JMP map_camera_follow_x_1_1_68_1_done
49C8        map_camera_follow_x_1_1_68_1_move_negative:
49C8  AD 2D C1    LDA $C12D
49CB  D0 07       BNE map_scroll_can_move_70
49CD  AD 2E C1    LDA $C12E
49D0  C9 07       CMP #$07
49D2  F0 25       BEQ map_scroll_done_70
49D4        map_scroll_can_move_70:
49D4  AD 2E C1    LDA $C12E
49D7  C9 07       CMP #$07
49D9  F0 06       BEQ map_scroll_wrap_70
49DB  EE 2E C1    INC $C12E
49DE  4C EE 49    JMP map_scroll_moved_70
49E1        map_scroll_wrap_70:
49E1  CE 2D C1    DEC $C12D
49E4  A9 00       LDA #$00
49E6  8D 2E C1    STA $C12E
49E9  A9 FF       LDA #$FF
49EB  8D 37 C1    STA $C137
49EE        map_scroll_moved_70:
49EE  AD 33 C1    LDA $C133
49F1  D0 03       BNE map_scroll_pixel_x_dec_70_low
49F3  CE 34 C1    DEC $C134
49F6        map_scroll_pixel_x_dec_70_low:
49F6  CE 33 C1    DEC $C133
49F9        map_scroll_done_70:
49F9        map_camera_follow_x_1_1_68_1_done:
49F9  AD 0D C1    LDA $C10D
49FC  D0 03       BNE map_entity_enabled_1_71
49FE  4C 9B 4A    JMP map_entity_hidden_1_71
4A01        map_entity_enabled_1_71:
4A01  18          CLC
4A02  AD 03 C1    LDA $C103
4A05  69 18       ADC #$18
4A07  8D BD C7    STA $C7BD
4A0A  AD 04 C1    LDA $C104
4A0D  69 00       ADC #$00
4A0F  8D BE C7    STA $C7BE
4A12  38          SEC
4A13  AD BD C7    LDA $C7BD
4A16  ED 33 C1    SBC $C133
4A19  8D BD C7    STA $C7BD
4A1C  AD BE C7    LDA $C7BE
4A1F  ED 34 C1    SBC $C134
4A22  8D BE C7    STA $C7BE
4A25  B0 03       BCS map_entity_x_71_not_before_72
4A27  4C 9B 4A    JMP map_entity_hidden_1_71
4A2A        map_entity_x_71_not_before_72:
4A2A  AD BE C7    LDA $C7BE
4A2D  C9 01       CMP #$01
4A2F  90 0C       BCC map_entity_x_visible_71
4A31  D0 07       BNE map_entity_x_visible_71_hidden
4A33  AD BD C7    LDA $C7BD
4A36  C9 50       CMP #$50
4A38  90 03       BCC map_entity_x_visible_71
4A3A        map_entity_x_visible_71_hidden:
4A3A  4C 9B 4A    JMP map_entity_hidden_1_71
4A3D        map_entity_x_visible_71:
4A3D  18          CLC
4A3E  AD 05 C1    LDA $C105
4A41  69 15       ADC #$15
4A43  8D BB C7    STA $C7BB
4A46  AD 06 C1    LDA $C106
4A49  69 00       ADC #$00
4A4B  8D BC C7    STA $C7BC
4A4E  38          SEC
4A4F  AD BB C7    LDA $C7BB
4A52  ED 35 C1    SBC $C135
4A55  8D BB C7    STA $C7BB
4A58  AD BC C7    LDA $C7BC
4A5B  ED 36 C1    SBC $C136
4A5E  8D BC C7    STA $C7BC
4A61  B0 03       BCS map_entity_y_71_not_before_73
4A63  4C 9B 4A    JMP map_entity_hidden_1_71
4A66        map_entity_y_71_not_before_73:
4A66  AD BC C7    LDA $C7BC
4A69  C9 00       CMP #$00
4A6B  90 0C       BCC map_entity_y_visible_71
4A6D  D0 07       BNE map_entity_y_visible_71_hidden
4A6F  AD BB C7    LDA $C7BB
4A72  C9 CA       CMP #$CA
4A74  90 03       BCC map_entity_y_visible_71
4A76        map_entity_y_visible_71_hidden:
4A76  4C 9B 4A    JMP map_entity_hidden_1_71
4A79        map_entity_y_visible_71:
4A79  18          CLC
4A7A  AD BD C7    LDA $C7BD
4A7D  69 17       ADC #$17
4A7F  8D 00 C5    STA $C500
4A82  AD BE C7    LDA $C7BE
4A85  69 00       ADC #$00
4A87  8D 01 C5    STA $C501
4A8A  18          CLC
4A8B  AD BB C7    LDA $C7BB
4A8E  69 1D       ADC #$1D
4A90  8D 02 C5    STA $C502
4A93  A9 01       LDA #$01
4A95  8D 05 C5    STA $C505
4A98  4C A0 4A    JMP map_entity_shown_1_71
4A9B        map_entity_hidden_1_71:
4A9B  A9 00       LDA #$00
4A9D  8D 05 C5    STA $C505
4AA0        map_entity_shown_1_71:
4AA0        map_entity_project_done_1_71:
4AA0  AD 1B C1    LDA $C11B
4AA3  D0 03       BNE map_entity_enabled_2_74
4AA5  4C 42 4B    JMP map_entity_hidden_2_74
4AA8        map_entity_enabled_2_74:
4AA8  18          CLC
4AA9  AD 11 C1    LDA $C111
4AAC  69 18       ADC #$18
4AAE  8D BD C7    STA $C7BD
4AB1  AD 12 C1    LDA $C112
4AB4  69 00       ADC #$00
4AB6  8D BE C7    STA $C7BE
4AB9  38          SEC
4ABA  AD BD C7    LDA $C7BD
4ABD  ED 33 C1    SBC $C133
4AC0  8D BD C7    STA $C7BD
4AC3  AD BE C7    LDA $C7BE
4AC6  ED 34 C1    SBC $C134
4AC9  8D BE C7    STA $C7BE
4ACC  B0 03       BCS map_entity_x_74_not_before_75
4ACE  4C 42 4B    JMP map_entity_hidden_2_74
4AD1        map_entity_x_74_not_before_75:
4AD1  AD BE C7    LDA $C7BE
4AD4  C9 01       CMP #$01
4AD6  90 0C       BCC map_entity_x_visible_74
4AD8  D0 07       BNE map_entity_x_visible_74_hidden
4ADA  AD BD C7    LDA $C7BD
4ADD  C9 50       CMP #$50
4ADF  90 03       BCC map_entity_x_visible_74
4AE1        map_entity_x_visible_74_hidden:
4AE1  4C 42 4B    JMP map_entity_hidden_2_74
4AE4        map_entity_x_visible_74:
4AE4  18          CLC
4AE5  AD 13 C1    LDA $C113
4AE8  69 15       ADC #$15
4AEA  8D BB C7    STA $C7BB
4AED  AD 14 C1    LDA $C114
4AF0  69 00       ADC #$00
4AF2  8D BC C7    STA $C7BC
4AF5  38          SEC
4AF6  AD BB C7    LDA $C7BB
4AF9  ED 35 C1    SBC $C135
4AFC  8D BB C7    STA $C7BB
4AFF  AD BC C7    LDA $C7BC
4B02  ED 36 C1    SBC $C136
4B05  8D BC C7    STA $C7BC
4B08  B0 03       BCS map_entity_y_74_not_before_76
4B0A  4C 42 4B    JMP map_entity_hidden_2_74
4B0D        map_entity_y_74_not_before_76:
4B0D  AD BC C7    LDA $C7BC
4B10  C9 00       CMP #$00
4B12  90 0C       BCC map_entity_y_visible_74
4B14  D0 07       BNE map_entity_y_visible_74_hidden
4B16  AD BB C7    LDA $C7BB
4B19  C9 CA       CMP #$CA
4B1B  90 03       BCC map_entity_y_visible_74
4B1D        map_entity_y_visible_74_hidden:
4B1D  4C 42 4B    JMP map_entity_hidden_2_74
4B20        map_entity_y_visible_74:
4B20  18          CLC
4B21  AD BD C7    LDA $C7BD
4B24  69 17       ADC #$17
4B26  8D 08 C5    STA $C508
4B29  AD BE C7    LDA $C7BE
4B2C  69 00       ADC #$00
4B2E  8D 09 C5    STA $C509
4B31  18          CLC
4B32  AD BB C7    LDA $C7BB
4B35  69 1D       ADC #$1D
4B37  8D 0A C5    STA $C50A
4B3A  A9 01       LDA #$01
4B3C  8D 0D C5    STA $C50D
4B3F  4C 47 4B    JMP map_entity_shown_2_74
4B42        map_entity_hidden_2_74:
4B42  A9 00       LDA #$00
4B44  8D 0D C5    STA $C50D
4B47        map_entity_shown_2_74:
4B47        map_entity_project_done_2_74:
4B47  AD 29 C1    LDA $C129
4B4A  D0 03       BNE map_entity_enabled_3_77
4B4C  4C E9 4B    JMP map_entity_hidden_3_77
4B4F        map_entity_enabled_3_77:
4B4F  18          CLC
4B50  AD 1F C1    LDA $C11F
4B53  69 18       ADC #$18
4B55  8D BD C7    STA $C7BD
4B58  AD 20 C1    LDA $C120
4B5B  69 00       ADC #$00
4B5D  8D BE C7    STA $C7BE
4B60  38          SEC
4B61  AD BD C7    LDA $C7BD
4B64  ED 33 C1    SBC $C133
4B67  8D BD C7    STA $C7BD
4B6A  AD BE C7    LDA $C7BE
4B6D  ED 34 C1    SBC $C134
4B70  8D BE C7    STA $C7BE
4B73  B0 03       BCS map_entity_x_77_not_before_78
4B75  4C E9 4B    JMP map_entity_hidden_3_77
4B78        map_entity_x_77_not_before_78:
4B78  AD BE C7    LDA $C7BE
4B7B  C9 01       CMP #$01
4B7D  90 0C       BCC map_entity_x_visible_77
4B7F  D0 07       BNE map_entity_x_visible_77_hidden
4B81  AD BD C7    LDA $C7BD
4B84  C9 50       CMP #$50
4B86  90 03       BCC map_entity_x_visible_77
4B88        map_entity_x_visible_77_hidden:
4B88  4C E9 4B    JMP map_entity_hidden_3_77
4B8B        map_entity_x_visible_77:
4B8B  18          CLC
4B8C  AD 21 C1    LDA $C121
4B8F  69 15       ADC #$15
4B91  8D BB C7    STA $C7BB
4B94  AD 22 C1    LDA $C122
4B97  69 00       ADC #$00
4B99  8D BC C7    STA $C7BC
4B9C  38          SEC
4B9D  AD BB C7    LDA $C7BB
4BA0  ED 35 C1    SBC $C135
4BA3  8D BB C7    STA $C7BB
4BA6  AD BC C7    LDA $C7BC
4BA9  ED 36 C1    SBC $C136
4BAC  8D BC C7    STA $C7BC
4BAF  B0 03       BCS map_entity_y_77_not_before_79
4BB1  4C E9 4B    JMP map_entity_hidden_3_77
4BB4        map_entity_y_77_not_before_79:
4BB4  AD BC C7    LDA $C7BC
4BB7  C9 00       CMP #$00
4BB9  90 0C       BCC map_entity_y_visible_77
4BBB  D0 07       BNE map_entity_y_visible_77_hidden
4BBD  AD BB C7    LDA $C7BB
4BC0  C9 CA       CMP #$CA
4BC2  90 03       BCC map_entity_y_visible_77
4BC4        map_entity_y_visible_77_hidden:
4BC4  4C E9 4B    JMP map_entity_hidden_3_77
4BC7        map_entity_y_visible_77:
4BC7  18          CLC
4BC8  AD BD C7    LDA $C7BD
4BCB  69 17       ADC #$17
4BCD  8D 40 C5    STA $C540
4BD0  AD BE C7    LDA $C7BE
4BD3  69 00       ADC #$00
4BD5  8D 41 C5    STA $C541
4BD8  18          CLC
4BD9  AD BB C7    LDA $C7BB
4BDC  69 1D       ADC #$1D
4BDE  8D 42 C5    STA $C542
4BE1  A9 01       LDA #$01
4BE3  8D 45 C5    STA $C545
4BE6  4C EE 4B    JMP map_entity_shown_3_77
4BE9        map_entity_hidden_3_77:
4BE9  A9 00       LDA #$00
4BEB  8D 45 C5    STA $C545
4BEE        map_entity_shown_3_77:
4BEE        map_entity_project_done_3_77:
4BEE  AD 0E C1    LDA $C10E
4BF1  C9 01       CMP #$01
4BF3  F0 03       BEQ condition_pass_81
4BF5  4C A6 4C    JMP control_if_else_80
4BF8        condition_pass_81:
4BF8  AD 01 C1    LDA $C101
4BFB  C9 00       CMP #$00
4BFD  F0 03       BEQ condition_pass_83
4BFF  4C 50 4C    JMP control_if_else_82
4C02        condition_pass_83:
4C02  A9 18       LDA #$18
4C04  8D 03 C1    STA $C103
4C07  A9 00       LDA #$00
4C09  8D 04 C1    STA $C104
4C0C  A9 88       LDA #$88
4C0E  8D 05 C1    STA $C105
4C11  A9 00       LDA #$00
4C13  8D 06 C1    STA $C106
4C16  A9 00       LDA #$00
4C18  8D 07 C1    STA $C107
4C1B  A9 00       LDA #$00
4C1D  8D 08 C1    STA $C108
4C20  A9 00       LDA #$00
4C22  8D 09 C1    STA $C109
4C25  A9 00       LDA #$00
4C27  8D 0A C1    STA $C10A
4C2A  A9 00       LDA #$00
4C2C  8D 0B C1    STA $C10B
4C2F  A9 00       LDA #$00
4C31  8D 0C C1    STA $C10C
4C34  A9 00       LDA #$00
4C36  8D 0E C1    STA $C10E
4C39  A9 00       LDA #$00
4C3B  8D 0F C1    STA $C10F
4C3E  A9 00       LDA #$00
4C40  8D 10 C1    STA $C110
4C43  A9 01       LDA #$01
4C45  8D 0D C1    STA $C10D
4C48  A9 01       LDA #$01
4C4A  8D 05 C5    STA $C505
4C4D  4C 9B 4C    JMP control_if_end_82
4C50        control_if_else_82:
4C50  A9 58       LDA #$58
4C52  8D 03 C1    STA $C103
4C55  A9 01       LDA #$01
4C57  8D 04 C1    STA $C104
4C5A  A9 38       LDA #$38
4C5C  8D 05 C1    STA $C105
4C5F  A9 00       LDA #$00
4C61  8D 06 C1    STA $C106
4C64  A9 00       LDA #$00
4C66  8D 07 C1    STA $C107
4C69  A9 00       LDA #$00
4C6B  8D 08 C1    STA $C108
4C6E  A9 00       LDA #$00
4C70  8D 09 C1    STA $C109
4C73  A9 00       LDA #$00
4C75  8D 0A C1    STA $C10A
4C78  A9 00       LDA #$00
4C7A  8D 0B C1    STA $C10B
4C7D  A9 00       LDA #$00
4C7F  8D 0C C1    STA $C10C
4C82  A9 00       LDA #$00
4C84  8D 0E C1    STA $C10E
4C87  A9 00       LDA #$00
4C89  8D 0F C1    STA $C10F
4C8C  A9 00       LDA #$00
4C8E  8D 10 C1    STA $C110
4C91  A9 01       LDA #$01
4C93  8D 0D C1    STA $C10D
4C96  A9 01       LDA #$01
4C98  8D 05 C5    STA $C505
4C9B        control_if_end_82:
4C9B  A9 0F       LDA #$0F
4C9D  8D 18 D4    STA $D418
4CA0  20 45 4F    JSR runtime_sid_click
4CA3  4C A6 4C    JMP control_if_end_80
4CA6        control_if_else_80:
4CA6        control_if_end_80:
4CA6  AD 05 C5    LDA $C505
4CA9  D0 03       BNE aabb_a_active_86
4CAB  4C F0 4D    JMP control_if_else_84
4CAE        aabb_a_active_86:
4CAE  AD 0D C5    LDA $C50D
4CB1  D0 03       BNE aabb_b_active_87
4CB3  4C F0 4D    JMP control_if_else_84
4CB6        aabb_b_active_87:
4CB6  18          CLC
4CB7  AD 00 C5    LDA $C500
4CBA  69 04       ADC #$04
4CBC  8D A0 C7    STA $C7A0
4CBF  AD 01 C5    LDA $C501
4CC2  69 00       ADC #$00
4CC4  8D A1 C7    STA $C7A1
4CC7  18          CLC
4CC8  AD 00 C5    LDA $C500
4CCB  69 14       ADC #$14
4CCD  8D A2 C7    STA $C7A2
4CD0  AD 01 C5    LDA $C501
4CD3  69 00       ADC #$00
4CD5  8D A3 C7    STA $C7A3
4CD8  18          CLC
4CD9  AD 08 C5    LDA $C508
4CDC  69 04       ADC #$04
4CDE  8D A4 C7    STA $C7A4
4CE1  AD 09 C5    LDA $C509
4CE4  69 00       ADC #$00
4CE6  8D A5 C7    STA $C7A5
4CE9  18          CLC
4CEA  AD 08 C5    LDA $C508
4CED  69 14       ADC #$14
4CEF  8D A6 C7    STA $C7A6
4CF2  AD 09 C5    LDA $C509
4CF5  69 00       ADC #$00
4CF7  8D A7 C7    STA $C7A7
4CFA  18          CLC
4CFB  AD 02 C5    LDA $C502
4CFE  69 01       ADC #$01
4D00  8D A8 C7    STA $C7A8
4D03  A9 00       LDA #$00
4D05  69 00       ADC #$00
4D07  8D A9 C7    STA $C7A9
4D0A  18          CLC
4D0B  AD 02 C5    LDA $C502
4D0E  69 15       ADC #$15
4D10  8D AA C7    STA $C7AA
4D13  A9 00       LDA #$00
4D15  69 00       ADC #$00
4D17  8D AB C7    STA $C7AB
4D1A  18          CLC
4D1B  AD 0A C5    LDA $C50A
4D1E  69 02       ADC #$02
4D20  8D AC C7    STA $C7AC
4D23  A9 00       LDA #$00
4D25  69 00       ADC #$00
4D27  8D AD C7    STA $C7AD
4D2A  18          CLC
4D2B  AD 0A C5    LDA $C50A
4D2E  69 15       ADC #$15
4D30  8D AE C7    STA $C7AE
4D33  A9 00       LDA #$00
4D35  69 00       ADC #$00
4D37  8D AF C7    STA $C7AF
4D3A  20 69 4F    JSR runtime_sprite_aabb_compare
4D3D  D0 03       BNE sprite_aabb_pass_88
4D3F  4C F0 4D    JMP control_if_else_84
4D42        sprite_aabb_pass_88:
4D42  AD 01 C1    LDA $C101
4D45  C9 00       CMP #$00
4D47  F0 03       BEQ condition_pass_90
4D49  4C 9A 4D    JMP control_if_else_89
4D4C        condition_pass_90:
4D4C  A9 18       LDA #$18
4D4E  8D 03 C1    STA $C103
4D51  A9 00       LDA #$00
4D53  8D 04 C1    STA $C104
4D56  A9 88       LDA #$88
4D58  8D 05 C1    STA $C105
4D5B  A9 00       LDA #$00
4D5D  8D 06 C1    STA $C106
4D60  A9 00       LDA #$00
4D62  8D 07 C1    STA $C107
4D65  A9 00       LDA #$00
4D67  8D 08 C1    STA $C108
4D6A  A9 00       LDA #$00
4D6C  8D 09 C1    STA $C109
4D6F  A9 00       LDA #$00
4D71  8D 0A C1    STA $C10A
4D74  A9 00       LDA #$00
4D76  8D 0B C1    STA $C10B
4D79  A9 00       LDA #$00
4D7B  8D 0C C1    STA $C10C
4D7E  A9 00       LDA #$00
4D80  8D 0E C1    STA $C10E
4D83  A9 00       LDA #$00
4D85  8D 0F C1    STA $C10F
4D88  A9 00       LDA #$00
4D8A  8D 10 C1    STA $C110
4D8D  A9 01       LDA #$01
4D8F  8D 0D C1    STA $C10D
4D92  A9 01       LDA #$01
4D94  8D 05 C5    STA $C505
4D97  4C E5 4D    JMP control_if_end_89
4D9A        control_if_else_89:
4D9A  A9 58       LDA #$58
4D9C  8D 03 C1    STA $C103
4D9F  A9 01       LDA #$01
4DA1  8D 04 C1    STA $C104
4DA4  A9 38       LDA #$38
4DA6  8D 05 C1    STA $C105
4DA9  A9 00       LDA #$00
4DAB  8D 06 C1    STA $C106
4DAE  A9 00       LDA #$00
4DB0  8D 07 C1    STA $C107
4DB3  A9 00       LDA #$00
4DB5  8D 08 C1    STA $C108
4DB8  A9 00       LDA #$00
4DBA  8D 09 C1    STA $C109
4DBD  A9 00       LDA #$00
4DBF  8D 0A C1    STA $C10A
4DC2  A9 00       LDA #$00
4DC4  8D 0B C1    STA $C10B
4DC7  A9 00       LDA #$00
4DC9  8D 0C C1    STA $C10C
4DCC  A9 00       LDA #$00
4DCE  8D 0E C1    STA $C10E
4DD1  A9 00       LDA #$00
4DD3  8D 0F C1    STA $C10F
4DD6  A9 00       LDA #$00
4DD8  8D 10 C1    STA $C110
4DDB  A9 01       LDA #$01
4DDD  8D 0D C1    STA $C10D
4DE0  A9 01       LDA #$01
4DE2  8D 05 C5    STA $C505
4DE5        control_if_end_89:
4DE5  A9 0F       LDA #$0F
4DE7  8D 18 D4    STA $D418
4DEA  20 45 4F    JSR runtime_sid_click
4DED  4C F0 4D    JMP control_if_end_84
4DF0        control_if_else_84:
4DF0        control_if_end_84:
4DF0  AD 05 C5    LDA $C505
4DF3  D0 03       BNE aabb_a_active_93
4DF5  4C AA 4E    JMP control_if_else_91
4DF8        aabb_a_active_93:
4DF8  AD 45 C5    LDA $C545
4DFB  D0 03       BNE aabb_b_active_94
4DFD  4C AA 4E    JMP control_if_else_91
4E00        aabb_b_active_94:
4E00  18          CLC
4E01  AD 00 C5    LDA $C500
4E04  69 04       ADC #$04
4E06  8D A0 C7    STA $C7A0
4E09  AD 01 C5    LDA $C501
4E0C  69 00       ADC #$00
4E0E  8D A1 C7    STA $C7A1
4E11  18          CLC
4E12  AD 00 C5    LDA $C500
4E15  69 14       ADC #$14
4E17  8D A2 C7    STA $C7A2
4E1A  AD 01 C5    LDA $C501
4E1D  69 00       ADC #$00
4E1F  8D A3 C7    STA $C7A3
4E22  18          CLC
4E23  AD 40 C5    LDA $C540
4E26  69 07       ADC #$07
4E28  8D A4 C7    STA $C7A4
4E2B  AD 41 C5    LDA $C541
4E2E  69 00       ADC #$00
4E30  8D A5 C7    STA $C7A5
4E33  18          CLC
4E34  AD 40 C5    LDA $C540
4E37  69 11       ADC #$11
4E39  8D A6 C7    STA $C7A6
4E3C  AD 41 C5    LDA $C541
4E3F  69 00       ADC #$00
4E41  8D A7 C7    STA $C7A7
4E44  18          CLC
4E45  AD 02 C5    LDA $C502
4E48  69 01       ADC #$01
4E4A  8D A8 C7    STA $C7A8
4E4D  A9 00       LDA #$00
4E4F  69 00       ADC #$00
4E51  8D A9 C7    STA $C7A9
4E54  18          CLC
4E55  AD 02 C5    LDA $C502
4E58  69 15       ADC #$15
4E5A  8D AA C7    STA $C7AA
4E5D  A9 00       LDA #$00
4E5F  69 00       ADC #$00
4E61  8D AB C7    STA $C7AB
4E64  18          CLC
4E65  AD 42 C5    LDA $C542
4E68  69 03       ADC #$03
4E6A  8D AC C7    STA $C7AC
4E6D  A9 00       LDA #$00
4E6F  69 00       ADC #$00
4E71  8D AD C7    STA $C7AD
4E74  18          CLC
4E75  AD 42 C5    LDA $C542
4E78  69 0F       ADC #$0F
4E7A  8D AE C7    STA $C7AE
4E7D  A9 00       LDA #$00
4E7F  69 00       ADC #$00
4E81  8D AF C7    STA $C7AF
4E84  20 69 4F    JSR runtime_sprite_aabb_compare
4E87  D0 03       BNE sprite_aabb_pass_95
4E89  4C AA 4E    JMP control_if_else_91
4E8C        sprite_aabb_pass_95:
4E8C  A9 00       LDA #$00
4E8E  8D 29 C1    STA $C129
4E91  A9 00       LDA #$00
4E93  8D 45 C5    STA $C545
4E96  EE 02 C1    INC $C102
4E99  AD 02 C1    LDA $C102
4E9C  8D 60 07    STA $0760
4E9F  A9 0F       LDA #$0F
4EA1  8D 18 D4    STA $D418
4EA4  20 45 4F    JSR runtime_sid_click
4EA7  4C AA 4E    JMP control_if_end_91
4EAA        control_if_else_91:
4EAA        control_if_end_91:
4EAA  AD 10 C1    LDA $C110
4EAD  C9 01       CMP #$01
4EAF  F0 03       BEQ condition_pass_97
4EB1  4C 19 4F    JMP control_if_else_96
4EB4        condition_pass_97:
4EB4  AD 01 C1    LDA $C101
4EB7  C9 00       CMP #$00
4EB9  F0 03       BEQ condition_pass_99
4EBB  4C 11 4F    JMP control_if_else_98
4EBE        condition_pass_99:
4EBE  A9 01       LDA #$01
4EC0  8D 01 C1    STA $C101
4EC3  A9 58       LDA #$58
4EC5  8D 03 C1    STA $C103
4EC8  A9 01       LDA #$01
4ECA  8D 04 C1    STA $C104
4ECD  A9 38       LDA #$38
4ECF  8D 05 C1    STA $C105
4ED2  A9 00       LDA #$00
4ED4  8D 06 C1    STA $C106
4ED7  A9 00       LDA #$00
4ED9  8D 07 C1    STA $C107
4EDC  A9 00       LDA #$00
4EDE  8D 08 C1    STA $C108
4EE1  A9 00       LDA #$00
4EE3  8D 09 C1    STA $C109
4EE6  A9 00       LDA #$00
4EE8  8D 0A C1    STA $C10A
4EEB  A9 00       LDA #$00
4EED  8D 0B C1    STA $C10B
4EF0  A9 00       LDA #$00
4EF2  8D 0C C1    STA $C10C
4EF5  A9 00       LDA #$00
4EF7  8D 0E C1    STA $C10E
4EFA  A9 00       LDA #$00
4EFC  8D 0F C1    STA $C10F
4EFF  A9 00       LDA #$00
4F01  8D 10 C1    STA $C110
4F04  A9 01       LDA #$01
4F06  8D 0D C1    STA $C10D
4F09  A9 01       LDA #$01
4F0B  8D 05 C5    STA $C505
4F0E  4C 16 4F    JMP control_if_end_98
4F11        control_if_else_98:
4F11  A9 05       LDA #$05
4F13  8D 20 D0    STA $D020
4F16        control_if_end_98:
4F16  4C 19 4F    JMP control_if_end_96
4F19        control_if_else_96:
4F19        control_if_end_96:
4F19  A9 01       LDA #$01
4F1B  8D 9B C5    STA $C59B
4F1E  AD 37 C1    LDA $C137
4F21  F0 1A       BEQ map_scroll_deferred_done_0
4F23        map_scroll_deferred_wait_0:
4F23  AD 11 D0    LDA $D011
4F26  30 07       BMI map_scroll_deferred_ready_0
4F28  AD 12 D0    LDA $D012
4F2B  C9 D6       CMP #$D6
4F2D  90 F4       BCC map_scroll_deferred_wait_0
4F2F        map_scroll_deferred_ready_0:
4F2F  AD 37 C1    LDA $C137
4F32  30 06       BMI map_scroll_deferred_right_0
4F34  20 1C 56    JSR runtime_map_scroll_shift_left_0
4F37  4C 3D 4F    JMP map_scroll_deferred_done_0
4F3A        map_scroll_deferred_right_0:
4F3A  20 D2 5F    JSR runtime_map_scroll_shift_right_0
4F3D        map_scroll_deferred_done_0:
4F3D  A9 00       LDA #$00
4F3F  8D 37 C1    STA $C137
4F42  4C 59 45    JMP game_frame_loop
            ; Shared non-blocking SID click
4F45        runtime_sid_click:
4F45  A9 00       LDA #$00
4F47  8D 04 D4    STA $D404
4F4A  A9 10       LDA #$10
4F4C  8D 04 D4    STA $D404
4F4F  A9 00       LDA #$00
4F51  8D 05 D4    STA $D405
4F54  A9 00       LDA #$00
4F56  8D 06 D4    STA $D406
4F59  A9 39       LDA #$39
4F5B  8D 00 D4    STA $D400
4F5E  A9 8B       LDA #$8B
4F60  8D 01 D4    STA $D401
4F63  A9 11       LDA #$11
4F65  8D 04 D4    STA $D404
4F68  60          RTS
            ; Shared strict AABB bounds comparison
4F69        runtime_sprite_aabb_compare:
4F69  AD A3 C7    LDA $C7A3
4F6C  CD A5 C7    CMP $C7A5
4F6F  F0 05       BEQ aabb_high_equal_runtime_0
4F71  B0 13       BCS aabb_greater_runtime_0
4F73  4C E0 4F    JMP runtime_sprite_aabb_false
4F76        aabb_high_equal_runtime_0:
4F76  AD A2 C7    LDA $C7A2
4F79  CD A4 C7    CMP $C7A4
4F7C  D0 03       BNE aabb_low_not_equal_runtime_0
4F7E  4C E0 4F    JMP runtime_sprite_aabb_false
4F81        aabb_low_not_equal_runtime_0:
4F81  B0 03       BCS aabb_greater_runtime_0
4F83  4C E0 4F    JMP runtime_sprite_aabb_false
4F86        aabb_greater_runtime_0:
4F86  AD A7 C7    LDA $C7A7
4F89  CD A1 C7    CMP $C7A1
4F8C  F0 05       BEQ aabb_high_equal_runtime_1
4F8E  B0 13       BCS aabb_greater_runtime_1
4F90  4C E0 4F    JMP runtime_sprite_aabb_false
4F93        aabb_high_equal_runtime_1:
4F93  AD A6 C7    LDA $C7A6
4F96  CD A0 C7    CMP $C7A0
4F99  D0 03       BNE aabb_low_not_equal_runtime_1
4F9B  4C E0 4F    JMP runtime_sprite_aabb_false
4F9E        aabb_low_not_equal_runtime_1:
4F9E  B0 03       BCS aabb_greater_runtime_1
4FA0  4C E0 4F    JMP runtime_sprite_aabb_false
4FA3        aabb_greater_runtime_1:
4FA3  AD AB C7    LDA $C7AB
4FA6  CD AD C7    CMP $C7AD
4FA9  F0 05       BEQ aabb_high_equal_runtime_2
4FAB  B0 13       BCS aabb_greater_runtime_2
4FAD  4C E0 4F    JMP runtime_sprite_aabb_false
4FB0        aabb_high_equal_runtime_2:
4FB0  AD AA C7    LDA $C7AA
4FB3  CD AC C7    CMP $C7AC
4FB6  D0 03       BNE aabb_low_not_equal_runtime_2
4FB8  4C E0 4F    JMP runtime_sprite_aabb_false
4FBB        aabb_low_not_equal_runtime_2:
4FBB  B0 03       BCS aabb_greater_runtime_2
4FBD  4C E0 4F    JMP runtime_sprite_aabb_false
4FC0        aabb_greater_runtime_2:
4FC0  AD AF C7    LDA $C7AF
4FC3  CD A9 C7    CMP $C7A9
4FC6  F0 05       BEQ aabb_high_equal_runtime_3
4FC8  B0 13       BCS aabb_greater_runtime_3
4FCA  4C E0 4F    JMP runtime_sprite_aabb_false
4FCD        aabb_high_equal_runtime_3:
4FCD  AD AE C7    LDA $C7AE
4FD0  CD A8 C7    CMP $C7A8
4FD3  D0 03       BNE aabb_low_not_equal_runtime_3
4FD5  4C E0 4F    JMP runtime_sprite_aabb_false
4FD8        aabb_low_not_equal_runtime_3:
4FD8  B0 03       BCS aabb_greater_runtime_3
4FDA  4C E0 4F    JMP runtime_sprite_aabb_false
4FDD        aabb_greater_runtime_3:
4FDD  A9 01       LDA #$01
4FDF  60          RTS
4FE0        runtime_sprite_aabb_false:
4FE0  A9 00       LDA #$00
4FE2  60          RTS
            ; Copy one logical sprite to one VIC-II hardware channel
4FE3        runtime_sprite_mux_draw:
4FE3  8E 95 C5    STX $C595
4FE6  8C 97 C5    STY $C597
4FE9  8A          TXA
4FEA  0A          ASL A
4FEB  AA          TAX
4FEC  B9 00 C5    LDA $C500,Y
4FEF  9D 00 D0    STA $D000,X
4FF2  AE 95 C5    LDX $C595
4FF5  BD EF 50    LDA runtime_sprite_mux_bit_masks,X
4FF8  8D 99 C5    STA $C599
4FFB  BD F7 50    LDA runtime_sprite_mux_inverse_masks,X
4FFE  8D 9A C5    STA $C59A
5001  B9 04 C4    LDA $C404,Y
5004  9D F8 07    STA $07F8,X
5007  B9 05 C4    LDA $C405,Y
500A  9D 27 D0    STA $D027,X
500D  AD 15 D0    LDA $D015
5010  0D 99 C5    ORA $C599
5013  8D 15 D0    STA $D015
5016  B9 01 C5    LDA $C501,Y
5019  29 01       AND #$01
501B  F0 08       BEQ runtime_sprite_mux_x_low
501D  AD 10 D0    LDA $D010
5020  0D 99 C5    ORA $C599
5023  D0 06       BNE runtime_sprite_mux_x_low_store
5025        runtime_sprite_mux_x_low:
5025  AD 10 D0    LDA $D010
5028  2D 9A C5    AND $C59A
502B        runtime_sprite_mux_x_low_store:
502B  8D 10 D0    STA $D010
502E  B9 06 C4    LDA $C406,Y
5031  29 01       AND #$01
5033  F0 08       BEQ runtime_sprite_mux_no_multicolor
5035  AD 1C D0    LDA $D01C
5038  0D 99 C5    ORA $C599
503B  D0 06       BNE runtime_sprite_mux_no_multicolor_store
503D        runtime_sprite_mux_no_multicolor:
503D  AD 1C D0    LDA $D01C
5040  2D 9A C5    AND $C59A
5043        runtime_sprite_mux_no_multicolor_store:
5043  8D 1C D0    STA $D01C
5046  B9 06 C4    LDA $C406,Y
5049  29 02       AND #$02
504B  F0 08       BEQ runtime_sprite_mux_no_expand_x
504D  AD 1D D0    LDA $D01D
5050  0D 99 C5    ORA $C599
5053  D0 06       BNE runtime_sprite_mux_no_expand_x_store
5055        runtime_sprite_mux_no_expand_x:
5055  AD 1D D0    LDA $D01D
5058  2D 9A C5    AND $C59A
505B        runtime_sprite_mux_no_expand_x_store:
505B  8D 1D D0    STA $D01D
505E  B9 06 C4    LDA $C406,Y
5061  29 04       AND #$04
5063  F0 08       BEQ runtime_sprite_mux_no_expand_y
5065  AD 17 D0    LDA $D017
5068  0D 99 C5    ORA $C599
506B  D0 06       BNE runtime_sprite_mux_no_expand_y_store
506D        runtime_sprite_mux_no_expand_y:
506D  AD 17 D0    LDA $D017
5070  2D 9A C5    AND $C59A
5073        runtime_sprite_mux_no_expand_y_store:
5073  8D 17 D0    STA $D017
5076  B9 06 C4    LDA $C406,Y
5079  29 08       AND #$08
507B  F0 08       BEQ runtime_sprite_mux_no_priority
507D  AD 1B D0    LDA $D01B
5080  0D 99 C5    ORA $C599
5083  D0 06       BNE runtime_sprite_mux_no_priority_store
5085        runtime_sprite_mux_no_priority:
5085  AD 1B D0    LDA $D01B
5088  2D 9A C5    AND $C59A
508B        runtime_sprite_mux_no_priority_store:
508B  8D 1B D0    STA $D01B
508E  AE 95 C5    LDX $C595
5091  8A          TXA
5092  0A          ASL A
5093  AA          TAX
5094  B9 02 C5    LDA $C502,Y
5097  9D 01 D0    STA $D001,X
509A  AE 95 C5    LDX $C595
509D  AC 97 C5    LDY $C597
50A0  B9 06 C4    LDA $C406,Y
50A3  29 04       AND #$04
50A5  F0 05       BEQ runtime_sprite_mux_normal_height
50A7  A9 2D       LDA #$2D
50A9  4C AE 50    JMP runtime_sprite_mux_add_height
50AC        runtime_sprite_mux_normal_height:
50AC  A9 18       LDA #$18
50AE        runtime_sprite_mux_add_height:
50AE  18          CLC
50AF  79 02 C5    ADC $C502,Y
50B2  90 02       BCC runtime_sprite_mux_end_ready
50B4  A9 FF       LDA #$FF
50B6        runtime_sprite_mux_end_ready:
50B6  9D A0 C5    STA $C5A0,X
50B9  60          RTS
50BA        runtime_sprite_mux_present:
50BA  AD 9B C5    LDA $C59B
50BD  D0 01       BNE runtime_sprite_mux_present_ready
50BF  60          RTS
50C0        runtime_sprite_mux_present_ready:
50C0  A9 00       LDA #$00
50C2  8D 15 D0    STA $D015
50C5  A0 00       LDY #$00
50C7  B9 05 C5    LDA $C505,Y
50CA  F0 05       BEQ runtime_sprite_mux_present_next_0
50CC  A2 00       LDX #$00
50CE  20 E3 4F    JSR runtime_sprite_mux_draw
50D1        runtime_sprite_mux_present_next_0:
50D1  A0 08       LDY #$08
50D3  B9 05 C5    LDA $C505,Y
50D6  F0 05       BEQ runtime_sprite_mux_present_next_1
50D8  A2 01       LDX #$01
50DA  20 E3 4F    JSR runtime_sprite_mux_draw
50DD        runtime_sprite_mux_present_next_1:
50DD  A0 40       LDY #$40
50DF  B9 05 C5    LDA $C505,Y
50E2  F0 05       BEQ runtime_sprite_mux_present_next_8
50E4  A2 02       LDX #$02
50E6  20 E3 4F    JSR runtime_sprite_mux_draw
50E9        runtime_sprite_mux_present_next_8:
50E9  A9 00       LDA #$00
50EB  8D 9B C5    STA $C59B
50EE        runtime_sprite_mux_present_done:
50EE  60          RTS
50EF        runtime_sprite_mux_bit_masks:
50EF  01 02 04 08 10 20 40 80 .byte $01, $02, $04, $08, $10, $20, $40, $80
50F7        runtime_sprite_mux_inverse_masks:
50F7  FE FD FB F7 EF DF BF 7F .byte $FE, $FD, $FB, $F7, $EF, $DF, $BF, $7F
            ; Map entity 1: pixel-stepped X/Y tile collision
50FF        runtime_map_entity_move_1:
50FF  A9 00       LDA #$00
5101  8D 09 C1    STA $C109
5104  A9 00       LDA #$00
5106  8D 0A C1    STA $C10A
5109  A9 00       LDA #$00
510B  8D 0B C1    STA $C10B
510E  A9 00       LDA #$00
5110  8D 0C C1    STA $C10C
5113  A9 00       LDA #$00
5115  8D 0E C1    STA $C10E
5118  A9 00       LDA #$00
511A  8D 0F C1    STA $C10F
511D  A9 00       LDA #$00
511F  8D 10 C1    STA $C110
5122  A9 00       LDA #$00
5124  8D C9 C7    STA $C7C9
5127  AD 07 C1    LDA $C107
512A  D0 03       BNE runtime_map_entity_1_x_has_velocity
512C  4C 94 52    JMP runtime_map_entity_1_x_done
512F        runtime_map_entity_1_x_has_velocity:
512F  10 03       BPL runtime_map_entity_1_x_positive
5131  4C E3 51    JMP runtime_map_entity_1_x_negative
5134        runtime_map_entity_1_x_positive:
5134  AD 07 C1    LDA $C107
5137  C9 09       CMP #$09
5139  90 02       BCC runtime_map_entity_1_x_positive_count_store
513B  A9 08       LDA #$08
513D        runtime_map_entity_1_x_positive_count_store:
513D  8D C8 C7    STA $C7C8
5140        runtime_map_entity_1_x_positive_loop:
5140  EE 03 C1    INC $C103
5143  D0 03       BNE runtime_map_entity_1_x_positive_step_done
5145  EE 04 C1    INC $C104
5148        runtime_map_entity_1_x_positive_step_done:
5148  18          CLC
5149  AD 03 C1    LDA $C103
514C  69 13       ADC #$13
514E  8D C4 C7    STA $C7C4
5151  AD 04 C1    LDA $C104
5154  69 00       ADC #$00
5156  8D C5 C7    STA $C7C5
5159  18          CLC
515A  AD 05 C1    LDA $C105
515D  69 01       ADC #$01
515F  8D C6 C7    STA $C7C6
5162  AD 06 C1    LDA $C106
5165  69 00       ADC #$00
5167  8D C7 C7    STA $C7C7
516A  20 2D 55    JSR runtime_map_entity_point_solid_0
516D  F0 03       BEQ runtime_map_entity_1_x_positive_sample_0_clear
516F  4C CB 51    JMP runtime_map_entity_1_x_positive_hit
5172        runtime_map_entity_1_x_positive_sample_0_clear:
5172  18          CLC
5173  AD 05 C1    LDA $C105
5176  69 09       ADC #$09
5178  8D C6 C7    STA $C7C6
517B  AD 06 C1    LDA $C106
517E  69 00       ADC #$00
5180  8D C7 C7    STA $C7C7
5183  20 2D 55    JSR runtime_map_entity_point_solid_0
5186  F0 03       BEQ runtime_map_entity_1_x_positive_sample_1_clear
5188  4C CB 51    JMP runtime_map_entity_1_x_positive_hit
518B        runtime_map_entity_1_x_positive_sample_1_clear:
518B  18          CLC
518C  AD 05 C1    LDA $C105
518F  69 11       ADC #$11
5191  8D C6 C7    STA $C7C6
5194  AD 06 C1    LDA $C106
5197  69 00       ADC #$00
5199  8D C7 C7    STA $C7C7
519C  20 2D 55    JSR runtime_map_entity_point_solid_0
519F  F0 03       BEQ runtime_map_entity_1_x_positive_sample_2_clear
51A1  4C CB 51    JMP runtime_map_entity_1_x_positive_hit
51A4        runtime_map_entity_1_x_positive_sample_2_clear:
51A4  18          CLC
51A5  AD 05 C1    LDA $C105
51A8  69 14       ADC #$14
51AA  8D C6 C7    STA $C7C6
51AD  AD 06 C1    LDA $C106
51B0  69 00       ADC #$00
51B2  8D C7 C7    STA $C7C7
51B5  20 2D 55    JSR runtime_map_entity_point_solid_0
51B8  F0 03       BEQ runtime_map_entity_1_x_positive_sample_3_clear
51BA  4C CB 51    JMP runtime_map_entity_1_x_positive_hit
51BD        runtime_map_entity_1_x_positive_sample_3_clear:
51BD  CE C8 C7    DEC $C7C8
51C0  AD C8 C7    LDA $C7C8
51C3  F0 03       BEQ runtime_map_entity_1_x_positive_done
51C5  4C 40 51    JMP runtime_map_entity_1_x_positive_loop
51C8        runtime_map_entity_1_x_positive_done:
51C8  4C 94 52    JMP runtime_map_entity_1_x_done
51CB        runtime_map_entity_1_x_positive_hit:
51CB  AD 03 C1    LDA $C103
51CE  D0 03       BNE runtime_map_entity_1_x_positive_undo_low
51D0  CE 04 C1    DEC $C104
51D3        runtime_map_entity_1_x_positive_undo_low:
51D3  CE 03 C1    DEC $C103
51D6  A9 01       LDA #$01
51D8  8D 0C C1    STA $C10C
51DB  A9 00       LDA #$00
51DD  8D 07 C1    STA $C107
51E0  4C 94 52    JMP runtime_map_entity_1_x_done
51E3        runtime_map_entity_1_x_negative:
51E3  AD 07 C1    LDA $C107
51E6  49 FF       EOR #$FF
51E8  18          CLC
51E9  69 01       ADC #$01
51EB  C9 09       CMP #$09
51ED  90 02       BCC runtime_map_entity_1_x_negative_count_store
51EF  A9 08       LDA #$08
51F1        runtime_map_entity_1_x_negative_count_store:
51F1  8D C8 C7    STA $C7C8
51F4        runtime_map_entity_1_x_negative_loop:
51F4  AD 03 C1    LDA $C103
51F7  D0 03       BNE runtime_map_entity_1_x_negative_step_low
51F9  CE 04 C1    DEC $C104
51FC        runtime_map_entity_1_x_negative_step_low:
51FC  CE 03 C1    DEC $C103
51FF  18          CLC
5200  AD 03 C1    LDA $C103
5203  69 04       ADC #$04
5205  8D C4 C7    STA $C7C4
5208  AD 04 C1    LDA $C104
520B  69 00       ADC #$00
520D  8D C5 C7    STA $C7C5
5210  18          CLC
5211  AD 05 C1    LDA $C105
5214  69 01       ADC #$01
5216  8D C6 C7    STA $C7C6
5219  AD 06 C1    LDA $C106
521C  69 00       ADC #$00
521E  8D C7 C7    STA $C7C7
5221  20 2D 55    JSR runtime_map_entity_point_solid_0
5224  F0 03       BEQ runtime_map_entity_1_x_negative_sample_0_clear
5226  4C 82 52    JMP runtime_map_entity_1_x_negative_hit
5229        runtime_map_entity_1_x_negative_sample_0_clear:
5229  18          CLC
522A  AD 05 C1    LDA $C105
522D  69 09       ADC #$09
522F  8D C6 C7    STA $C7C6
5232  AD 06 C1    LDA $C106
5235  69 00       ADC #$00
5237  8D C7 C7    STA $C7C7
523A  20 2D 55    JSR runtime_map_entity_point_solid_0
523D  F0 03       BEQ runtime_map_entity_1_x_negative_sample_1_clear
523F  4C 82 52    JMP runtime_map_entity_1_x_negative_hit
5242        runtime_map_entity_1_x_negative_sample_1_clear:
5242  18          CLC
5243  AD 05 C1    LDA $C105
5246  69 11       ADC #$11
5248  8D C6 C7    STA $C7C6
524B  AD 06 C1    LDA $C106
524E  69 00       ADC #$00
5250  8D C7 C7    STA $C7C7
5253  20 2D 55    JSR runtime_map_entity_point_solid_0
5256  F0 03       BEQ runtime_map_entity_1_x_negative_sample_2_clear
5258  4C 82 52    JMP runtime_map_entity_1_x_negative_hit
525B        runtime_map_entity_1_x_negative_sample_2_clear:
525B  18          CLC
525C  AD 05 C1    LDA $C105
525F  69 14       ADC #$14
5261  8D C6 C7    STA $C7C6
5264  AD 06 C1    LDA $C106
5267  69 00       ADC #$00
5269  8D C7 C7    STA $C7C7
526C  20 2D 55    JSR runtime_map_entity_point_solid_0
526F  F0 03       BEQ runtime_map_entity_1_x_negative_sample_3_clear
5271  4C 82 52    JMP runtime_map_entity_1_x_negative_hit
5274        runtime_map_entity_1_x_negative_sample_3_clear:
5274  CE C8 C7    DEC $C7C8
5277  AD C8 C7    LDA $C7C8
527A  F0 03       BEQ runtime_map_entity_1_x_negative_done
527C  4C F4 51    JMP runtime_map_entity_1_x_negative_loop
527F        runtime_map_entity_1_x_negative_done:
527F  4C 94 52    JMP runtime_map_entity_1_x_done
5282        runtime_map_entity_1_x_negative_hit:
5282  EE 03 C1    INC $C103
5285  D0 03       BNE runtime_map_entity_1_x_negative_undo_done
5287  EE 04 C1    INC $C104
528A        runtime_map_entity_1_x_negative_undo_done:
528A  A9 01       LDA #$01
528C  8D 0B C1    STA $C10B
528F  A9 00       LDA #$00
5291  8D 07 C1    STA $C107
5294        runtime_map_entity_1_x_done:
5294  AD 08 C1    LDA $C108
5297  D0 03       BNE runtime_map_entity_1_y_has_velocity
5299  4C D9 53    JMP runtime_map_entity_1_y_done
529C        runtime_map_entity_1_y_has_velocity:
529C  10 03       BPL runtime_map_entity_1_y_positive
529E  4C 3C 53    JMP runtime_map_entity_1_y_negative
52A1        runtime_map_entity_1_y_positive:
52A1  A9 01       LDA #$01
52A3  8D C9 C7    STA $C7C9
52A6  AD 08 C1    LDA $C108
52A9  C9 09       CMP #$09
52AB  90 02       BCC runtime_map_entity_1_y_positive_count_store
52AD  A9 08       LDA #$08
52AF        runtime_map_entity_1_y_positive_count_store:
52AF  8D C8 C7    STA $C7C8
52B2        runtime_map_entity_1_y_positive_loop:
52B2  EE 05 C1    INC $C105
52B5  D0 03       BNE runtime_map_entity_1_y_positive_step_done
52B7  EE 06 C1    INC $C106
52BA        runtime_map_entity_1_y_positive_step_done:
52BA  18          CLC
52BB  AD 05 C1    LDA $C105
52BE  69 14       ADC #$14
52C0  8D C6 C7    STA $C7C6
52C3  AD 06 C1    LDA $C106
52C6  69 00       ADC #$00
52C8  8D C7 C7    STA $C7C7
52CB  18          CLC
52CC  AD 03 C1    LDA $C103
52CF  69 04       ADC #$04
52D1  8D C4 C7    STA $C7C4
52D4  AD 04 C1    LDA $C104
52D7  69 00       ADC #$00
52D9  8D C5 C7    STA $C7C5
52DC  20 2D 55    JSR runtime_map_entity_point_solid_0
52DF  F0 03       BEQ runtime_map_entity_1_y_positive_sample_0_clear
52E1  4C 24 53    JMP runtime_map_entity_1_y_positive_hit
52E4        runtime_map_entity_1_y_positive_sample_0_clear:
52E4  18          CLC
52E5  AD 03 C1    LDA $C103
52E8  69 0C       ADC #$0C
52EA  8D C4 C7    STA $C7C4
52ED  AD 04 C1    LDA $C104
52F0  69 00       ADC #$00
52F2  8D C5 C7    STA $C7C5
52F5  20 2D 55    JSR runtime_map_entity_point_solid_0
52F8  F0 03       BEQ runtime_map_entity_1_y_positive_sample_1_clear
52FA  4C 24 53    JMP runtime_map_entity_1_y_positive_hit
52FD        runtime_map_entity_1_y_positive_sample_1_clear:
52FD  18          CLC
52FE  AD 03 C1    LDA $C103
5301  69 13       ADC #$13
5303  8D C4 C7    STA $C7C4
5306  AD 04 C1    LDA $C104
5309  69 00       ADC #$00
530B  8D C5 C7    STA $C7C5
530E  20 2D 55    JSR runtime_map_entity_point_solid_0
5311  F0 03       BEQ runtime_map_entity_1_y_positive_sample_2_clear
5313  4C 24 53    JMP runtime_map_entity_1_y_positive_hit
5316        runtime_map_entity_1_y_positive_sample_2_clear:
5316  CE C8 C7    DEC $C7C8
5319  AD C8 C7    LDA $C7C8
531C  F0 03       BEQ runtime_map_entity_1_y_positive_done
531E  4C B2 52    JMP runtime_map_entity_1_y_positive_loop
5321        runtime_map_entity_1_y_positive_done:
5321  4C D9 53    JMP runtime_map_entity_1_y_done
5324        runtime_map_entity_1_y_positive_hit:
5324  AD 05 C1    LDA $C105
5327  D0 03       BNE runtime_map_entity_1_y_positive_undo_low
5329  CE 06 C1    DEC $C106
532C        runtime_map_entity_1_y_positive_undo_low:
532C  CE 05 C1    DEC $C105
532F  A9 01       LDA #$01
5331  8D 09 C1    STA $C109
5334  A9 00       LDA #$00
5336  8D 08 C1    STA $C108
5339  4C D9 53    JMP runtime_map_entity_1_y_done
533C        runtime_map_entity_1_y_negative:
533C  A9 00       LDA #$00
533E  8D C9 C7    STA $C7C9
5341  AD 08 C1    LDA $C108
5344  49 FF       EOR #$FF
5346  18          CLC
5347  69 01       ADC #$01
5349  C9 09       CMP #$09
534B  90 02       BCC runtime_map_entity_1_y_negative_count_store
534D  A9 08       LDA #$08
534F        runtime_map_entity_1_y_negative_count_store:
534F  8D C8 C7    STA $C7C8
5352        runtime_map_entity_1_y_negative_loop:
5352  AD 05 C1    LDA $C105
5355  D0 03       BNE runtime_map_entity_1_y_negative_step_low
5357  CE 06 C1    DEC $C106
535A        runtime_map_entity_1_y_negative_step_low:
535A  CE 05 C1    DEC $C105
535D  18          CLC
535E  AD 05 C1    LDA $C105
5361  69 01       ADC #$01
5363  8D C6 C7    STA $C7C6
5366  AD 06 C1    LDA $C106
5369  69 00       ADC #$00
536B  8D C7 C7    STA $C7C7
536E  18          CLC
536F  AD 03 C1    LDA $C103
5372  69 04       ADC #$04
5374  8D C4 C7    STA $C7C4
5377  AD 04 C1    LDA $C104
537A  69 00       ADC #$00
537C  8D C5 C7    STA $C7C5
537F  20 2D 55    JSR runtime_map_entity_point_solid_0
5382  F0 03       BEQ runtime_map_entity_1_y_negative_sample_0_clear
5384  4C C7 53    JMP runtime_map_entity_1_y_negative_hit
5387        runtime_map_entity_1_y_negative_sample_0_clear:
5387  18          CLC
5388  AD 03 C1    LDA $C103
538B  69 0C       ADC #$0C
538D  8D C4 C7    STA $C7C4
5390  AD 04 C1    LDA $C104
5393  69 00       ADC #$00
5395  8D C5 C7    STA $C7C5
5398  20 2D 55    JSR runtime_map_entity_point_solid_0
539B  F0 03       BEQ runtime_map_entity_1_y_negative_sample_1_clear
539D  4C C7 53    JMP runtime_map_entity_1_y_negative_hit
53A0        runtime_map_entity_1_y_negative_sample_1_clear:
53A0  18          CLC
53A1  AD 03 C1    LDA $C103
53A4  69 13       ADC #$13
53A6  8D C4 C7    STA $C7C4
53A9  AD 04 C1    LDA $C104
53AC  69 00       ADC #$00
53AE  8D C5 C7    STA $C7C5
53B1  20 2D 55    JSR runtime_map_entity_point_solid_0
53B4  F0 03       BEQ runtime_map_entity_1_y_negative_sample_2_clear
53B6  4C C7 53    JMP runtime_map_entity_1_y_negative_hit
53B9        runtime_map_entity_1_y_negative_sample_2_clear:
53B9  CE C8 C7    DEC $C7C8
53BC  AD C8 C7    LDA $C7C8
53BF  F0 03       BEQ runtime_map_entity_1_y_negative_done
53C1  4C 52 53    JMP runtime_map_entity_1_y_negative_loop
53C4        runtime_map_entity_1_y_negative_done:
53C4  4C D9 53    JMP runtime_map_entity_1_y_done
53C7        runtime_map_entity_1_y_negative_hit:
53C7  EE 05 C1    INC $C105
53CA  D0 03       BNE runtime_map_entity_1_y_negative_undo_done
53CC  EE 06 C1    INC $C106
53CF        runtime_map_entity_1_y_negative_undo_done:
53CF  A9 01       LDA #$01
53D1  8D 0A C1    STA $C10A
53D4  A9 00       LDA #$00
53D6  8D 08 C1    STA $C108
53D9        runtime_map_entity_1_y_done:
53D9  A9 01       LDA #$01
53DB  8D C9 C7    STA $C7C9
53DE  18          CLC
53DF  AD 05 C1    LDA $C105
53E2  69 15       ADC #$15
53E4  8D C6 C7    STA $C7C6
53E7  AD 06 C1    LDA $C106
53EA  69 00       ADC #$00
53EC  8D C7 C7    STA $C7C7
53EF  18          CLC
53F0  AD 03 C1    LDA $C103
53F3  69 04       ADC #$04
53F5  8D C4 C7    STA $C7C4
53F8  AD 04 C1    LDA $C104
53FB  69 00       ADC #$00
53FD  8D C5 C7    STA $C7C5
5400  20 2D 55    JSR runtime_map_entity_point_solid_0
5403  F0 03       BEQ runtime_map_entity_1_ground_probe_sample_0_clear
5405  4C 3D 54    JMP runtime_map_entity_1_grounded
5408        runtime_map_entity_1_ground_probe_sample_0_clear:
5408  18          CLC
5409  AD 03 C1    LDA $C103
540C  69 0C       ADC #$0C
540E  8D C4 C7    STA $C7C4
5411  AD 04 C1    LDA $C104
5414  69 00       ADC #$00
5416  8D C5 C7    STA $C7C5
5419  20 2D 55    JSR runtime_map_entity_point_solid_0
541C  F0 03       BEQ runtime_map_entity_1_ground_probe_sample_1_clear
541E  4C 3D 54    JMP runtime_map_entity_1_grounded
5421        runtime_map_entity_1_ground_probe_sample_1_clear:
5421  18          CLC
5422  AD 03 C1    LDA $C103
5425  69 13       ADC #$13
5427  8D C4 C7    STA $C7C4
542A  AD 04 C1    LDA $C104
542D  69 00       ADC #$00
542F  8D C5 C7    STA $C7C5
5432  20 2D 55    JSR runtime_map_entity_point_solid_0
5435  F0 03       BEQ runtime_map_entity_1_ground_probe_sample_2_clear
5437  4C 3D 54    JMP runtime_map_entity_1_grounded
543A        runtime_map_entity_1_ground_probe_sample_2_clear:
543A  4C 42 54    JMP runtime_map_entity_1_behavior_probe
543D        runtime_map_entity_1_grounded:
543D  A9 01       LDA #$01
543F  8D 09 C1    STA $C109
5442        runtime_map_entity_1_behavior_probe:
5442  18          CLC
5443  AD 03 C1    LDA $C103
5446  69 0C       ADC #$0C
5448  8D C4 C7    STA $C7C4
544B  AD 04 C1    LDA $C104
544E  69 00       ADC #$00
5450  8D C5 C7    STA $C7C5
5453  18          CLC
5454  AD 05 C1    LDA $C105
5457  69 0B       ADC #$0B
5459  8D C6 C7    STA $C7C6
545C  AD 06 C1    LDA $C106
545F  69 00       ADC #$00
5461  8D C7 C7    STA $C7C7
5464  20 B2 54    JSR runtime_map_entity_point_value_0
5467  C9 02       CMP #$02
5469  D0 05       BNE runtime_map_entity_1_center_danger_2_next
546B  A9 01       LDA #$01
546D  8D 0E C1    STA $C10E
5470        runtime_map_entity_1_center_danger_2_next:
5470  C9 03       CMP #$03
5472  D0 05       BNE runtime_map_entity_1_center_exit_3_next
5474  A9 01       LDA #$01
5476  8D 10 C1    STA $C110
5479        runtime_map_entity_1_center_exit_3_next:
5479  C9 04       CMP #$04
547B  D0 05       BNE runtime_map_entity_1_center_ladder_4_next
547D  A9 01       LDA #$01
547F  8D 0F C1    STA $C10F
5482        runtime_map_entity_1_center_ladder_4_next:
5482  18          CLC
5483  AD 05 C1    LDA $C105
5486  69 14       ADC #$14
5488  8D C6 C7    STA $C7C6
548B  AD 06 C1    LDA $C106
548E  69 00       ADC #$00
5490  8D C7 C7    STA $C7C7
5493  20 B2 54    JSR runtime_map_entity_point_value_0
5496  C9 02       CMP #$02
5498  D0 05       BNE runtime_map_entity_1_bottom_danger_2_next
549A  A9 01       LDA #$01
549C  8D 0E C1    STA $C10E
549F        runtime_map_entity_1_bottom_danger_2_next:
549F  C9 03       CMP #$03
54A1  D0 05       BNE runtime_map_entity_1_bottom_exit_3_next
54A3  A9 01       LDA #$01
54A5  8D 10 C1    STA $C110
54A8        runtime_map_entity_1_bottom_exit_3_next:
54A8  C9 04       CMP #$04
54AA  D0 05       BNE runtime_map_entity_1_bottom_ladder_4_next
54AC  A9 01       LDA #$01
54AE  8D 0F C1    STA $C10F
54B1        runtime_map_entity_1_bottom_ladder_4_next:
54B1        runtime_map_entity_1_done:
54B1  60          RTS
            ; Map 0: logical collision lookup from 16-bit world pixels
54B2        runtime_map_entity_point_value_0:
54B2  AD C5 C7    LDA $C7C5
54B5  C9 02       CMP #$02
54B7  90 0C       BCC runtime_map_entity_point_0_x_inside
54B9  D0 07       BNE runtime_map_entity_point_0_x_outside
54BB  AD C4 C7    LDA $C7C4
54BE  C9 80       CMP #$80
54C0  90 03       BCC runtime_map_entity_point_0_x_inside
54C2        runtime_map_entity_point_0_x_outside:
54C2  4C 2A 55    JMP runtime_map_entity_point_0_outside
54C5        runtime_map_entity_point_0_x_inside:
54C5  AD C7 C7    LDA $C7C7
54C8  C9 00       CMP #$00
54CA  90 0C       BCC runtime_map_entity_point_0_y_inside
54CC  D0 07       BNE runtime_map_entity_point_0_y_outside
54CE  AD C6 C7    LDA $C7C6
54D1  C9 F0       CMP #$F0
54D3  90 03       BCC runtime_map_entity_point_0_y_inside
54D5        runtime_map_entity_point_0_y_outside:
54D5  4C 2A 55    JMP runtime_map_entity_point_0_outside
54D8        runtime_map_entity_point_0_y_inside:
54D8  AD C4 C7    LDA $C7C4
54DB  8D BB C7    STA $C7BB
54DE  AD C5 C7    LDA $C7C5
54E1  8D BC C7    STA $C7BC
54E4  4E BC C7    LSR $C7BC
54E7  6E BB C7    ROR $C7BB
54EA  4E BC C7    LSR $C7BC
54ED  6E BB C7    ROR $C7BB
54F0  4E BC C7    LSR $C7BC
54F3  6E BB C7    ROR $C7BB
54F6  AD BB C7    LDA $C7BB
54F9  8D B2 C7    STA $C7B2
54FC  AD C6 C7    LDA $C7C6
54FF  8D BB C7    STA $C7BB
5502  AD C7 C7    LDA $C7C7
5505  8D BC C7    STA $C7BC
5508  4E BC C7    LSR $C7BC
550B  6E BB C7    ROR $C7BB
550E  4E BC C7    LSR $C7BC
5511  6E BB C7    ROR $C7BB
5514  4E BC C7    LSR $C7BC
5517  6E BB C7    ROR $C7BB
551A  AD BB C7    LDA $C7BB
551D  8D B3 C7    STA $C7B3
5520  20 78 65    JSR runtime_map_pointer_0
5523  B1 FB       LDA ($FB),Y
5525  AA          TAX
5526  BD F7 66    LDA asset_map_collisions_0,X
5529  60          RTS
552A        runtime_map_entity_point_0_outside:
552A  A9 FF       LDA #$FF
552C  60          RTS
552D        runtime_map_entity_point_solid_0:
552D  20 B2 54    JSR runtime_map_entity_point_value_0
5530  C9 FF       CMP #$FF
5532  F0 13       BEQ runtime_map_entity_point_0_solid
5534  C9 00       CMP #$00
5536  F0 12       BEQ runtime_map_entity_point_0_clear
5538  C9 02       CMP #$02
553A  F0 0E       BEQ runtime_map_entity_point_0_clear
553C  C9 03       CMP #$03
553E  F0 0A       BEQ runtime_map_entity_point_0_clear
5540  C9 04       CMP #$04
5542  F0 06       BEQ runtime_map_entity_point_0_clear
5544  4C 47 55    JMP runtime_map_entity_point_0_solid
5547        runtime_map_entity_point_0_solid:
5547  A9 01       LDA #$01
5549  60          RTS
554A        runtime_map_entity_point_0_clear:
554A  A9 00       LDA #$00
554C  60          RTS
            ; Dynamic map 0: draw one changed metatile
554D        runtime_map_draw_tile_0:
554D  AD B2 C7    LDA $C7B2
5550  8D C2 C7    STA $C7C2
5553  AD B3 C7    LDA $C7B3
5556  8D C3 C7    STA $C7C3
5559        runtime_map_draw_tile_body_0:
5559  20 78 65    JSR runtime_map_pointer_0
555C  B1 FB       LDA ($FB),Y
555E  8D B4 C7    STA $C7B4
5561  AD B4 C7    LDA $C7B4
5564  8D B5 C7    STA $C7B5
5567  A9 02       LDA #$02
5569  85 FB       STA $FB
556B  A9 04       LDA #$04
556D  85 FC       STA $FC
556F  AD C3 C7    LDA $C7C3
5572  8D B7 C7    STA $C7B7
5575        runtime_map_screen_y_loop_0:
5575  AD B7 C7    LDA $C7B7
5578  F0 13       BEQ runtime_map_screen_y_done_0
557A  18          CLC
557B  A5 FB       LDA $FB
557D  69 28       ADC #$28
557F  85 FB       STA $FB
5581  A5 FC       LDA $FC
5583  69 00       ADC #$00
5585  85 FC       STA $FC
5587  CE B7 C7    DEC $C7B7
558A  4C 75 55    JMP runtime_map_screen_y_loop_0
558D        runtime_map_screen_y_done_0:
558D  AD C2 C7    LDA $C7C2
5590  8D B9 C7    STA $C7B9
5593  18          CLC
5594  A5 FB       LDA $FB
5596  6D B9 C7    ADC $C7B9
5599  85 FB       STA $FB
559B  A5 FC       LDA $FC
559D  69 00       ADC #$00
559F  85 FC       STA $FC
55A1  18          CLC
55A2  A5 FB       LDA $FB
55A4  69 00       ADC #$00
55A6  85 FD       STA $FD
55A8  A5 FC       LDA $FC
55AA  69 D4       ADC #$D4
55AC  85 FE       STA $FE
55AE  18          CLC
55AF  AD B5 C7    LDA $C7B5
55B2  69 00       ADC #$00
55B4  A8          TAY
55B5  B9 FC 66    LDA asset_map_chars_0,Y
55B8  A0 00       LDY #$00
55BA  91 FB       STA ($FB),Y
55BC  18          CLC
55BD  AD B5 C7    LDA $C7B5
55C0  69 00       ADC #$00
55C2  A8          TAY
55C3  B9 01 67    LDA asset_map_colors_0,Y
55C6  A0 00       LDY #$00
55C8  91 FD       STA ($FD),Y
55CA  60          RTS
            ; Map 0: bounded coarse viewport 36x20
55CB        runtime_map_viewport_0:
55CB  A9 00       LDA #$00
55CD  8D C3 C7    STA $C7C3
55D0        runtime_map_viewport_row_0:
55D0  18          CLC
55D1  AD C1 C7    LDA $C7C1
55D4  6D C3 C7    ADC $C7C3
55D7  8D B3 C7    STA $C7B3
55DA  A9 00       LDA #$00
55DC  8D C2 C7    STA $C7C2
55DF        runtime_map_viewport_column_0:
55DF  18          CLC
55E0  AD C0 C7    LDA $C7C0
55E3  6D C2 C7    ADC $C7C2
55E6  8D B2 C7    STA $C7B2
55E9  20 59 55    JSR runtime_map_draw_tile_body_0
55EC  EE C2 C7    INC $C7C2
55EF  AD C2 C7    LDA $C7C2
55F2  C9 24       CMP #$24
55F4  D0 E9       BNE runtime_map_viewport_column_0
55F6  EE C3 C7    INC $C7C3
55F9  AD C3 C7    LDA $C7C3
55FC  C9 14       CMP #$14
55FE  D0 D0       BNE runtime_map_viewport_row_0
5600  60          RTS
            ; Map 0: enter raster-banded fine X/Y viewport
5601        runtime_map_scroll_apply_0:
5601  AD 16 D0    LDA $D016
5604  29 F0       AND #$F0
5606  0D 2E C1    ORA $C12E
5609  8D 16 D0    STA $D016
560C  60          RTS
            ; Map 0: cycle-stable VCBASE transition into the fixed panel
560D        runtime_map_scroll_prepare_panel_0:
560D  60          RTS
            ; Map 0: leave the scroll area with the fixed horizontal phase
560E        runtime_map_scroll_leave_0:
560E  AD 32 C1    LDA $C132
5611  8D 16 D0    STA $D016
5614  60          RTS
            ; Map 0: restore both fixed-panel VIC-II phases after a full redraw
5615        runtime_map_scroll_restore_0:
5615  AD 32 C1    LDA $C132
5618  8D 16 D0    STA $D016
561B  60          RTS
            ; Map 0: shift Screen RAM and Color RAM one character left
561C        runtime_map_scroll_shift_left_0:
561C  AD 2D C1    LDA $C12D
561F  18          CLC
5620  69 23       ADC #$23
5622  8D B2 C7    STA $C7B2
5625  AD 2F C1    LDA $C12F
5628  8D B3 C7    STA $C7B3
562B  20 78 65    JSR runtime_map_pointer_0
562E  AD 03 04    LDA $0403
5631  8D 02 04    STA $0402
5634  AD 03 D8    LDA $D803
5637  8D 02 D8    STA $D802
563A  AD 04 04    LDA $0404
563D  8D 03 04    STA $0403
5640  AD 04 D8    LDA $D804
5643  8D 03 D8    STA $D803
5646  AD 05 04    LDA $0405
5649  8D 04 04    STA $0404
564C  AD 05 D8    LDA $D805
564F  8D 04 D8    STA $D804
5652  A2 00       LDX #$00
5654        runtime_map_scroll_left_row_0_0:
5654  BD 06 04    LDA $0406,X
5657  9D 05 04    STA $0405,X
565A  BD 06 D8    LDA $D806,X
565D  9D 05 D8    STA $D805,X
5660  BD 07 04    LDA $0407,X
5663  9D 06 04    STA $0406,X
5666  BD 07 D8    LDA $D807,X
5669  9D 06 D8    STA $D806,X
566C  BD 08 04    LDA $0408,X
566F  9D 07 04    STA $0407,X
5672  BD 08 D8    LDA $D808,X
5675  9D 07 D8    STA $D807,X
5678  BD 09 04    LDA $0409,X
567B  9D 08 04    STA $0408,X
567E  BD 09 D8    LDA $D809,X
5681  9D 08 D8    STA $D808,X
5684  E8          INX
5685  E8          INX
5686  E8          INX
5687  E8          INX
5688  E0 20       CPX #$20
568A  D0 C8       BNE runtime_map_scroll_left_row_0_0
568C  A0 00       LDY #$00
568E  B1 FB       LDA ($FB),Y
5690  AA          TAX
5691  BD FC 66    LDA asset_map_chars_0,X
5694  8D 25 04    STA $0425
5697  BD 01 67    LDA asset_map_colors_0,X
569A  8D 25 D8    STA $D825
569D  18          CLC
569E  A5 FB       LDA $FB
56A0  69 50       ADC #$50
56A2  85 FB       STA $FB
56A4  A5 FC       LDA $FC
56A6  69 00       ADC #$00
56A8  85 FC       STA $FC
56AA  AD 2B 04    LDA $042B
56AD  8D 2A 04    STA $042A
56B0  AD 2B D8    LDA $D82B
56B3  8D 2A D8    STA $D82A
56B6  AD 2C 04    LDA $042C
56B9  8D 2B 04    STA $042B
56BC  AD 2C D8    LDA $D82C
56BF  8D 2B D8    STA $D82B
56C2  AD 2D 04    LDA $042D
56C5  8D 2C 04    STA $042C
56C8  AD 2D D8    LDA $D82D
56CB  8D 2C D8    STA $D82C
56CE  A2 00       LDX #$00
56D0        runtime_map_scroll_left_row_0_1:
56D0  BD 2E 04    LDA $042E,X
56D3  9D 2D 04    STA $042D,X
56D6  BD 2E D8    LDA $D82E,X
56D9  9D 2D D8    STA $D82D,X
56DC  BD 2F 04    LDA $042F,X
56DF  9D 2E 04    STA $042E,X
56E2  BD 2F D8    LDA $D82F,X
56E5  9D 2E D8    STA $D82E,X
56E8  BD 30 04    LDA $0430,X
56EB  9D 2F 04    STA $042F,X
56EE  BD 30 D8    LDA $D830,X
56F1  9D 2F D8    STA $D82F,X
56F4  BD 31 04    LDA $0431,X
56F7  9D 30 04    STA $0430,X
56FA  BD 31 D8    LDA $D831,X
56FD  9D 30 D8    STA $D830,X
5700  E8          INX
5701  E8          INX
5702  E8          INX
5703  E8          INX
5704  E0 20       CPX #$20
5706  D0 C8       BNE runtime_map_scroll_left_row_0_1
5708  A0 00       LDY #$00
570A  B1 FB       LDA ($FB),Y
570C  AA          TAX
570D  BD FC 66    LDA asset_map_chars_0,X
5710  8D 4D 04    STA $044D
5713  BD 01 67    LDA asset_map_colors_0,X
5716  8D 4D D8    STA $D84D
5719  18          CLC
571A  A5 FB       LDA $FB
571C  69 50       ADC #$50
571E  85 FB       STA $FB
5720  A5 FC       LDA $FC
5722  69 00       ADC #$00
5724  85 FC       STA $FC
5726  AD 53 04    LDA $0453
5729  8D 52 04    STA $0452
572C  AD 53 D8    LDA $D853
572F  8D 52 D8    STA $D852
5732  AD 54 04    LDA $0454
5735  8D 53 04    STA $0453
5738  AD 54 D8    LDA $D854
573B  8D 53 D8    STA $D853
573E  AD 55 04    LDA $0455
5741  8D 54 04    STA $0454
5744  AD 55 D8    LDA $D855
5747  8D 54 D8    STA $D854
574A  A2 00       LDX #$00
574C        runtime_map_scroll_left_row_0_2:
574C  BD 56 04    LDA $0456,X
574F  9D 55 04    STA $0455,X
5752  BD 56 D8    LDA $D856,X
5755  9D 55 D8    STA $D855,X
5758  BD 57 04    LDA $0457,X
575B  9D 56 04    STA $0456,X
575E  BD 57 D8    LDA $D857,X
5761  9D 56 D8    STA $D856,X
5764  BD 58 04    LDA $0458,X
5767  9D 57 04    STA $0457,X
576A  BD 58 D8    LDA $D858,X
576D  9D 57 D8    STA $D857,X
5770  BD 59 04    LDA $0459,X
5773  9D 58 04    STA $0458,X
5776  BD 59 D8    LDA $D859,X
5779  9D 58 D8    STA $D858,X
577C  E8          INX
577D  E8          INX
577E  E8          INX
577F  E8          INX
5780  E0 20       CPX #$20
5782  D0 C8       BNE runtime_map_scroll_left_row_0_2
5784  A0 00       LDY #$00
5786  B1 FB       LDA ($FB),Y
5788  AA          TAX
5789  BD FC 66    LDA asset_map_chars_0,X
578C  8D 75 04    STA $0475
578F  BD 01 67    LDA asset_map_colors_0,X
5792  8D 75 D8    STA $D875
5795  18          CLC
5796  A5 FB       LDA $FB
5798  69 50       ADC #$50
579A  85 FB       STA $FB
579C  A5 FC       LDA $FC
579E  69 00       ADC #$00
57A0  85 FC       STA $FC
57A2  AD 7B 04    LDA $047B
57A5  8D 7A 04    STA $047A
57A8  AD 7B D8    LDA $D87B
57AB  8D 7A D8    STA $D87A
57AE  AD 7C 04    LDA $047C
57B1  8D 7B 04    STA $047B
57B4  AD 7C D8    LDA $D87C
57B7  8D 7B D8    STA $D87B
57BA  AD 7D 04    LDA $047D
57BD  8D 7C 04    STA $047C
57C0  AD 7D D8    LDA $D87D
57C3  8D 7C D8    STA $D87C
57C6  A2 00       LDX #$00
57C8        runtime_map_scroll_left_row_0_3:
57C8  BD 7E 04    LDA $047E,X
57CB  9D 7D 04    STA $047D,X
57CE  BD 7E D8    LDA $D87E,X
57D1  9D 7D D8    STA $D87D,X
57D4  BD 7F 04    LDA $047F,X
57D7  9D 7E 04    STA $047E,X
57DA  BD 7F D8    LDA $D87F,X
57DD  9D 7E D8    STA $D87E,X
57E0  BD 80 04    LDA $0480,X
57E3  9D 7F 04    STA $047F,X
57E6  BD 80 D8    LDA $D880,X
57E9  9D 7F D8    STA $D87F,X
57EC  BD 81 04    LDA $0481,X
57EF  9D 80 04    STA $0480,X
57F2  BD 81 D8    LDA $D881,X
57F5  9D 80 D8    STA $D880,X
57F8  E8          INX
57F9  E8          INX
57FA  E8          INX
57FB  E8          INX
57FC  E0 20       CPX #$20
57FE  D0 C8       BNE runtime_map_scroll_left_row_0_3
5800  A0 00       LDY #$00
5802  B1 FB       LDA ($FB),Y
5804  AA          TAX
5805  BD FC 66    LDA asset_map_chars_0,X
5808  8D 9D 04    STA $049D
580B  BD 01 67    LDA asset_map_colors_0,X
580E  8D 9D D8    STA $D89D
5811  18          CLC
5812  A5 FB       LDA $FB
5814  69 50       ADC #$50
5816  85 FB       STA $FB
5818  A5 FC       LDA $FC
581A  69 00       ADC #$00
581C  85 FC       STA $FC
581E  AD A3 04    LDA $04A3
5821  8D A2 04    STA $04A2
5824  AD A3 D8    LDA $D8A3
5827  8D A2 D8    STA $D8A2
582A  AD A4 04    LDA $04A4
582D  8D A3 04    STA $04A3
5830  AD A4 D8    LDA $D8A4
5833  8D A3 D8    STA $D8A3
5836  AD A5 04    LDA $04A5
5839  8D A4 04    STA $04A4
583C  AD A5 D8    LDA $D8A5
583F  8D A4 D8    STA $D8A4
5842  A2 00       LDX #$00
5844        runtime_map_scroll_left_row_0_4:
5844  BD A6 04    LDA $04A6,X
5847  9D A5 04    STA $04A5,X
584A  BD A6 D8    LDA $D8A6,X
584D  9D A5 D8    STA $D8A5,X
5850  BD A7 04    LDA $04A7,X
5853  9D A6 04    STA $04A6,X
5856  BD A7 D8    LDA $D8A7,X
5859  9D A6 D8    STA $D8A6,X
585C  BD A8 04    LDA $04A8,X
585F  9D A7 04    STA $04A7,X
5862  BD A8 D8    LDA $D8A8,X
5865  9D A7 D8    STA $D8A7,X
5868  BD A9 04    LDA $04A9,X
586B  9D A8 04    STA $04A8,X
586E  BD A9 D8    LDA $D8A9,X
5871  9D A8 D8    STA $D8A8,X
5874  E8          INX
5875  E8          INX
5876  E8          INX
5877  E8          INX
5878  E0 20       CPX #$20
587A  D0 C8       BNE runtime_map_scroll_left_row_0_4
587C  A0 00       LDY #$00
587E  B1 FB       LDA ($FB),Y
5880  AA          TAX
5881  BD FC 66    LDA asset_map_chars_0,X
5884  8D C5 04    STA $04C5
5887  BD 01 67    LDA asset_map_colors_0,X
588A  8D C5 D8    STA $D8C5
588D  18          CLC
588E  A5 FB       LDA $FB
5890  69 50       ADC #$50
5892  85 FB       STA $FB
5894  A5 FC       LDA $FC
5896  69 00       ADC #$00
5898  85 FC       STA $FC
589A  AD CB 04    LDA $04CB
589D  8D CA 04    STA $04CA
58A0  AD CB D8    LDA $D8CB
58A3  8D CA D8    STA $D8CA
58A6  AD CC 04    LDA $04CC
58A9  8D CB 04    STA $04CB
58AC  AD CC D8    LDA $D8CC
58AF  8D CB D8    STA $D8CB
58B2  AD CD 04    LDA $04CD
58B5  8D CC 04    STA $04CC
58B8  AD CD D8    LDA $D8CD
58BB  8D CC D8    STA $D8CC
58BE  A2 00       LDX #$00
58C0        runtime_map_scroll_left_row_0_5:
58C0  BD CE 04    LDA $04CE,X
58C3  9D CD 04    STA $04CD,X
58C6  BD CE D8    LDA $D8CE,X
58C9  9D CD D8    STA $D8CD,X
58CC  BD CF 04    LDA $04CF,X
58CF  9D CE 04    STA $04CE,X
58D2  BD CF D8    LDA $D8CF,X
58D5  9D CE D8    STA $D8CE,X
58D8  BD D0 04    LDA $04D0,X
58DB  9D CF 04    STA $04CF,X
58DE  BD D0 D8    LDA $D8D0,X
58E1  9D CF D8    STA $D8CF,X
58E4  BD D1 04    LDA $04D1,X
58E7  9D D0 04    STA $04D0,X
58EA  BD D1 D8    LDA $D8D1,X
58ED  9D D0 D8    STA $D8D0,X
58F0  E8          INX
58F1  E8          INX
58F2  E8          INX
58F3  E8          INX
58F4  E0 20       CPX #$20
58F6  D0 C8       BNE runtime_map_scroll_left_row_0_5
58F8  A0 00       LDY #$00
58FA  B1 FB       LDA ($FB),Y
58FC  AA          TAX
58FD  BD FC 66    LDA asset_map_chars_0,X
5900  8D ED 04    STA $04ED
5903  BD 01 67    LDA asset_map_colors_0,X
5906  8D ED D8    STA $D8ED
5909  18          CLC
590A  A5 FB       LDA $FB
590C  69 50       ADC #$50
590E  85 FB       STA $FB
5910  A5 FC       LDA $FC
5912  69 00       ADC #$00
5914  85 FC       STA $FC
5916  AD F3 04    LDA $04F3
5919  8D F2 04    STA $04F2
591C  AD F3 D8    LDA $D8F3
591F  8D F2 D8    STA $D8F2
5922  AD F4 04    LDA $04F4
5925  8D F3 04    STA $04F3
5928  AD F4 D8    LDA $D8F4
592B  8D F3 D8    STA $D8F3
592E  AD F5 04    LDA $04F5
5931  8D F4 04    STA $04F4
5934  AD F5 D8    LDA $D8F5
5937  8D F4 D8    STA $D8F4
593A  A2 00       LDX #$00
593C        runtime_map_scroll_left_row_0_6:
593C  BD F6 04    LDA $04F6,X
593F  9D F5 04    STA $04F5,X
5942  BD F6 D8    LDA $D8F6,X
5945  9D F5 D8    STA $D8F5,X
5948  BD F7 04    LDA $04F7,X
594B  9D F6 04    STA $04F6,X
594E  BD F7 D8    LDA $D8F7,X
5951  9D F6 D8    STA $D8F6,X
5954  BD F8 04    LDA $04F8,X
5957  9D F7 04    STA $04F7,X
595A  BD F8 D8    LDA $D8F8,X
595D  9D F7 D8    STA $D8F7,X
5960  BD F9 04    LDA $04F9,X
5963  9D F8 04    STA $04F8,X
5966  BD F9 D8    LDA $D8F9,X
5969  9D F8 D8    STA $D8F8,X
596C  E8          INX
596D  E8          INX
596E  E8          INX
596F  E8          INX
5970  E0 20       CPX #$20
5972  D0 C8       BNE runtime_map_scroll_left_row_0_6
5974  A0 00       LDY #$00
5976  B1 FB       LDA ($FB),Y
5978  AA          TAX
5979  BD FC 66    LDA asset_map_chars_0,X
597C  8D 15 05    STA $0515
597F  BD 01 67    LDA asset_map_colors_0,X
5982  8D 15 D9    STA $D915
5985  18          CLC
5986  A5 FB       LDA $FB
5988  69 50       ADC #$50
598A  85 FB       STA $FB
598C  A5 FC       LDA $FC
598E  69 00       ADC #$00
5990  85 FC       STA $FC
5992  AD 1B 05    LDA $051B
5995  8D 1A 05    STA $051A
5998  AD 1B D9    LDA $D91B
599B  8D 1A D9    STA $D91A
599E  AD 1C 05    LDA $051C
59A1  8D 1B 05    STA $051B
59A4  AD 1C D9    LDA $D91C
59A7  8D 1B D9    STA $D91B
59AA  AD 1D 05    LDA $051D
59AD  8D 1C 05    STA $051C
59B0  AD 1D D9    LDA $D91D
59B3  8D 1C D9    STA $D91C
59B6  A2 00       LDX #$00
59B8        runtime_map_scroll_left_row_0_7:
59B8  BD 1E 05    LDA $051E,X
59BB  9D 1D 05    STA $051D,X
59BE  BD 1E D9    LDA $D91E,X
59C1  9D 1D D9    STA $D91D,X
59C4  BD 1F 05    LDA $051F,X
59C7  9D 1E 05    STA $051E,X
59CA  BD 1F D9    LDA $D91F,X
59CD  9D 1E D9    STA $D91E,X
59D0  BD 20 05    LDA $0520,X
59D3  9D 1F 05    STA $051F,X
59D6  BD 20 D9    LDA $D920,X
59D9  9D 1F D9    STA $D91F,X
59DC  BD 21 05    LDA $0521,X
59DF  9D 20 05    STA $0520,X
59E2  BD 21 D9    LDA $D921,X
59E5  9D 20 D9    STA $D920,X
59E8  E8          INX
59E9  E8          INX
59EA  E8          INX
59EB  E8          INX
59EC  E0 20       CPX #$20
59EE  D0 C8       BNE runtime_map_scroll_left_row_0_7
59F0  A0 00       LDY #$00
59F2  B1 FB       LDA ($FB),Y
59F4  AA          TAX
59F5  BD FC 66    LDA asset_map_chars_0,X
59F8  8D 3D 05    STA $053D
59FB  BD 01 67    LDA asset_map_colors_0,X
59FE  8D 3D D9    STA $D93D
5A01  18          CLC
5A02  A5 FB       LDA $FB
5A04  69 50       ADC #$50
5A06  85 FB       STA $FB
5A08  A5 FC       LDA $FC
5A0A  69 00       ADC #$00
5A0C  85 FC       STA $FC
5A0E  AD 43 05    LDA $0543
5A11  8D 42 05    STA $0542
5A14  AD 43 D9    LDA $D943
5A17  8D 42 D9    STA $D942
5A1A  AD 44 05    LDA $0544
5A1D  8D 43 05    STA $0543
5A20  AD 44 D9    LDA $D944
5A23  8D 43 D9    STA $D943
5A26  AD 45 05    LDA $0545
5A29  8D 44 05    STA $0544
5A2C  AD 45 D9    LDA $D945
5A2F  8D 44 D9    STA $D944
5A32  A2 00       LDX #$00
5A34        runtime_map_scroll_left_row_0_8:
5A34  BD 46 05    LDA $0546,X
5A37  9D 45 05    STA $0545,X
5A3A  BD 46 D9    LDA $D946,X
5A3D  9D 45 D9    STA $D945,X
5A40  BD 47 05    LDA $0547,X
5A43  9D 46 05    STA $0546,X
5A46  BD 47 D9    LDA $D947,X
5A49  9D 46 D9    STA $D946,X
5A4C  BD 48 05    LDA $0548,X
5A4F  9D 47 05    STA $0547,X
5A52  BD 48 D9    LDA $D948,X
5A55  9D 47 D9    STA $D947,X
5A58  BD 49 05    LDA $0549,X
5A5B  9D 48 05    STA $0548,X
5A5E  BD 49 D9    LDA $D949,X
5A61  9D 48 D9    STA $D948,X
5A64  E8          INX
5A65  E8          INX
5A66  E8          INX
5A67  E8          INX
5A68  E0 20       CPX #$20
5A6A  D0 C8       BNE runtime_map_scroll_left_row_0_8
5A6C  A0 00       LDY #$00
5A6E  B1 FB       LDA ($FB),Y
5A70  AA          TAX
5A71  BD FC 66    LDA asset_map_chars_0,X
5A74  8D 65 05    STA $0565
5A77  BD 01 67    LDA asset_map_colors_0,X
5A7A  8D 65 D9    STA $D965
5A7D  18          CLC
5A7E  A5 FB       LDA $FB
5A80  69 50       ADC #$50
5A82  85 FB       STA $FB
5A84  A5 FC       LDA $FC
5A86  69 00       ADC #$00
5A88  85 FC       STA $FC
5A8A  AD 6B 05    LDA $056B
5A8D  8D 6A 05    STA $056A
5A90  AD 6B D9    LDA $D96B
5A93  8D 6A D9    STA $D96A
5A96  AD 6C 05    LDA $056C
5A99  8D 6B 05    STA $056B
5A9C  AD 6C D9    LDA $D96C
5A9F  8D 6B D9    STA $D96B
5AA2  AD 6D 05    LDA $056D
5AA5  8D 6C 05    STA $056C
5AA8  AD 6D D9    LDA $D96D
5AAB  8D 6C D9    STA $D96C
5AAE  A2 00       LDX #$00
5AB0        runtime_map_scroll_left_row_0_9:
5AB0  BD 6E 05    LDA $056E,X
5AB3  9D 6D 05    STA $056D,X
5AB6  BD 6E D9    LDA $D96E,X
5AB9  9D 6D D9    STA $D96D,X
5ABC  BD 6F 05    LDA $056F,X
5ABF  9D 6E 05    STA $056E,X
5AC2  BD 6F D9    LDA $D96F,X
5AC5  9D 6E D9    STA $D96E,X
5AC8  BD 70 05    LDA $0570,X
5ACB  9D 6F 05    STA $056F,X
5ACE  BD 70 D9    LDA $D970,X
5AD1  9D 6F D9    STA $D96F,X
5AD4  BD 71 05    LDA $0571,X
5AD7  9D 70 05    STA $0570,X
5ADA  BD 71 D9    LDA $D971,X
5ADD  9D 70 D9    STA $D970,X
5AE0  E8          INX
5AE1  E8          INX
5AE2  E8          INX
5AE3  E8          INX
5AE4  E0 20       CPX #$20
5AE6  D0 C8       BNE runtime_map_scroll_left_row_0_9
5AE8  A0 00       LDY #$00
5AEA  B1 FB       LDA ($FB),Y
5AEC  AA          TAX
5AED  BD FC 66    LDA asset_map_chars_0,X
5AF0  8D 8D 05    STA $058D
5AF3  BD 01 67    LDA asset_map_colors_0,X
5AF6  8D 8D D9    STA $D98D
5AF9  18          CLC
5AFA  A5 FB       LDA $FB
5AFC  69 50       ADC #$50
5AFE  85 FB       STA $FB
5B00  A5 FC       LDA $FC
5B02  69 00       ADC #$00
5B04  85 FC       STA $FC
5B06  AD 93 05    LDA $0593
5B09  8D 92 05    STA $0592
5B0C  AD 93 D9    LDA $D993
5B0F  8D 92 D9    STA $D992
5B12  AD 94 05    LDA $0594
5B15  8D 93 05    STA $0593
5B18  AD 94 D9    LDA $D994
5B1B  8D 93 D9    STA $D993
5B1E  AD 95 05    LDA $0595
5B21  8D 94 05    STA $0594
5B24  AD 95 D9    LDA $D995
5B27  8D 94 D9    STA $D994
5B2A  A2 00       LDX #$00
5B2C        runtime_map_scroll_left_row_0_10:
5B2C  BD 96 05    LDA $0596,X
5B2F  9D 95 05    STA $0595,X
5B32  BD 96 D9    LDA $D996,X
5B35  9D 95 D9    STA $D995,X
5B38  BD 97 05    LDA $0597,X
5B3B  9D 96 05    STA $0596,X
5B3E  BD 97 D9    LDA $D997,X
5B41  9D 96 D9    STA $D996,X
5B44  BD 98 05    LDA $0598,X
5B47  9D 97 05    STA $0597,X
5B4A  BD 98 D9    LDA $D998,X
5B4D  9D 97 D9    STA $D997,X
5B50  BD 99 05    LDA $0599,X
5B53  9D 98 05    STA $0598,X
5B56  BD 99 D9    LDA $D999,X
5B59  9D 98 D9    STA $D998,X
5B5C  E8          INX
5B5D  E8          INX
5B5E  E8          INX
5B5F  E8          INX
5B60  E0 20       CPX #$20
5B62  D0 C8       BNE runtime_map_scroll_left_row_0_10
5B64  A0 00       LDY #$00
5B66  B1 FB       LDA ($FB),Y
5B68  AA          TAX
5B69  BD FC 66    LDA asset_map_chars_0,X
5B6C  8D B5 05    STA $05B5
5B6F  BD 01 67    LDA asset_map_colors_0,X
5B72  8D B5 D9    STA $D9B5
5B75  18          CLC
5B76  A5 FB       LDA $FB
5B78  69 50       ADC #$50
5B7A  85 FB       STA $FB
5B7C  A5 FC       LDA $FC
5B7E  69 00       ADC #$00
5B80  85 FC       STA $FC
5B82  AD BB 05    LDA $05BB
5B85  8D BA 05    STA $05BA
5B88  AD BB D9    LDA $D9BB
5B8B  8D BA D9    STA $D9BA
5B8E  AD BC 05    LDA $05BC
5B91  8D BB 05    STA $05BB
5B94  AD BC D9    LDA $D9BC
5B97  8D BB D9    STA $D9BB
5B9A  AD BD 05    LDA $05BD
5B9D  8D BC 05    STA $05BC
5BA0  AD BD D9    LDA $D9BD
5BA3  8D BC D9    STA $D9BC
5BA6  A2 00       LDX #$00
5BA8        runtime_map_scroll_left_row_0_11:
5BA8  BD BE 05    LDA $05BE,X
5BAB  9D BD 05    STA $05BD,X
5BAE  BD BE D9    LDA $D9BE,X
5BB1  9D BD D9    STA $D9BD,X
5BB4  BD BF 05    LDA $05BF,X
5BB7  9D BE 05    STA $05BE,X
5BBA  BD BF D9    LDA $D9BF,X
5BBD  9D BE D9    STA $D9BE,X
5BC0  BD C0 05    LDA $05C0,X
5BC3  9D BF 05    STA $05BF,X
5BC6  BD C0 D9    LDA $D9C0,X
5BC9  9D BF D9    STA $D9BF,X
5BCC  BD C1 05    LDA $05C1,X
5BCF  9D C0 05    STA $05C0,X
5BD2  BD C1 D9    LDA $D9C1,X
5BD5  9D C0 D9    STA $D9C0,X
5BD8  E8          INX
5BD9  E8          INX
5BDA  E8          INX
5BDB  E8          INX
5BDC  E0 20       CPX #$20
5BDE  D0 C8       BNE runtime_map_scroll_left_row_0_11
5BE0  A0 00       LDY #$00
5BE2  B1 FB       LDA ($FB),Y
5BE4  AA          TAX
5BE5  BD FC 66    LDA asset_map_chars_0,X
5BE8  8D DD 05    STA $05DD
5BEB  BD 01 67    LDA asset_map_colors_0,X
5BEE  8D DD D9    STA $D9DD
5BF1  18          CLC
5BF2  A5 FB       LDA $FB
5BF4  69 50       ADC #$50
5BF6  85 FB       STA $FB
5BF8  A5 FC       LDA $FC
5BFA  69 00       ADC #$00
5BFC  85 FC       STA $FC
5BFE  AD E3 05    LDA $05E3
5C01  8D E2 05    STA $05E2
5C04  AD E3 D9    LDA $D9E3
5C07  8D E2 D9    STA $D9E2
5C0A  AD E4 05    LDA $05E4
5C0D  8D E3 05    STA $05E3
5C10  AD E4 D9    LDA $D9E4
5C13  8D E3 D9    STA $D9E3
5C16  AD E5 05    LDA $05E5
5C19  8D E4 05    STA $05E4
5C1C  AD E5 D9    LDA $D9E5
5C1F  8D E4 D9    STA $D9E4
5C22  A2 00       LDX #$00
5C24        runtime_map_scroll_left_row_0_12:
5C24  BD E6 05    LDA $05E6,X
5C27  9D E5 05    STA $05E5,X
5C2A  BD E6 D9    LDA $D9E6,X
5C2D  9D E5 D9    STA $D9E5,X
5C30  BD E7 05    LDA $05E7,X
5C33  9D E6 05    STA $05E6,X
5C36  BD E7 D9    LDA $D9E7,X
5C39  9D E6 D9    STA $D9E6,X
5C3C  BD E8 05    LDA $05E8,X
5C3F  9D E7 05    STA $05E7,X
5C42  BD E8 D9    LDA $D9E8,X
5C45  9D E7 D9    STA $D9E7,X
5C48  BD E9 05    LDA $05E9,X
5C4B  9D E8 05    STA $05E8,X
5C4E  BD E9 D9    LDA $D9E9,X
5C51  9D E8 D9    STA $D9E8,X
5C54  E8          INX
5C55  E8          INX
5C56  E8          INX
5C57  E8          INX
5C58  E0 20       CPX #$20
5C5A  D0 C8       BNE runtime_map_scroll_left_row_0_12
5C5C  A0 00       LDY #$00
5C5E  B1 FB       LDA ($FB),Y
5C60  AA          TAX
5C61  BD FC 66    LDA asset_map_chars_0,X
5C64  8D 05 06    STA $0605
5C67  BD 01 67    LDA asset_map_colors_0,X
5C6A  8D 05 DA    STA $DA05
5C6D  18          CLC
5C6E  A5 FB       LDA $FB
5C70  69 50       ADC #$50
5C72  85 FB       STA $FB
5C74  A5 FC       LDA $FC
5C76  69 00       ADC #$00
5C78  85 FC       STA $FC
5C7A  AD 0B 06    LDA $060B
5C7D  8D 0A 06    STA $060A
5C80  AD 0B DA    LDA $DA0B
5C83  8D 0A DA    STA $DA0A
5C86  AD 0C 06    LDA $060C
5C89  8D 0B 06    STA $060B
5C8C  AD 0C DA    LDA $DA0C
5C8F  8D 0B DA    STA $DA0B
5C92  AD 0D 06    LDA $060D
5C95  8D 0C 06    STA $060C
5C98  AD 0D DA    LDA $DA0D
5C9B  8D 0C DA    STA $DA0C
5C9E  A2 00       LDX #$00
5CA0        runtime_map_scroll_left_row_0_13:
5CA0  BD 0E 06    LDA $060E,X
5CA3  9D 0D 06    STA $060D,X
5CA6  BD 0E DA    LDA $DA0E,X
5CA9  9D 0D DA    STA $DA0D,X
5CAC  BD 0F 06    LDA $060F,X
5CAF  9D 0E 06    STA $060E,X
5CB2  BD 0F DA    LDA $DA0F,X
5CB5  9D 0E DA    STA $DA0E,X
5CB8  BD 10 06    LDA $0610,X
5CBB  9D 0F 06    STA $060F,X
5CBE  BD 10 DA    LDA $DA10,X
5CC1  9D 0F DA    STA $DA0F,X
5CC4  BD 11 06    LDA $0611,X
5CC7  9D 10 06    STA $0610,X
5CCA  BD 11 DA    LDA $DA11,X
5CCD  9D 10 DA    STA $DA10,X
5CD0  E8          INX
5CD1  E8          INX
5CD2  E8          INX
5CD3  E8          INX
5CD4  E0 20       CPX #$20
5CD6  D0 C8       BNE runtime_map_scroll_left_row_0_13
5CD8  A0 00       LDY #$00
5CDA  B1 FB       LDA ($FB),Y
5CDC  AA          TAX
5CDD  BD FC 66    LDA asset_map_chars_0,X
5CE0  8D 2D 06    STA $062D
5CE3  BD 01 67    LDA asset_map_colors_0,X
5CE6  8D 2D DA    STA $DA2D
5CE9  18          CLC
5CEA  A5 FB       LDA $FB
5CEC  69 50       ADC #$50
5CEE  85 FB       STA $FB
5CF0  A5 FC       LDA $FC
5CF2  69 00       ADC #$00
5CF4  85 FC       STA $FC
5CF6  AD 33 06    LDA $0633
5CF9  8D 32 06    STA $0632
5CFC  AD 33 DA    LDA $DA33
5CFF  8D 32 DA    STA $DA32
5D02  AD 34 06    LDA $0634
5D05  8D 33 06    STA $0633
5D08  AD 34 DA    LDA $DA34
5D0B  8D 33 DA    STA $DA33
5D0E  AD 35 06    LDA $0635
5D11  8D 34 06    STA $0634
5D14  AD 35 DA    LDA $DA35
5D17  8D 34 DA    STA $DA34
5D1A  A2 00       LDX #$00
5D1C        runtime_map_scroll_left_row_0_14:
5D1C  BD 36 06    LDA $0636,X
5D1F  9D 35 06    STA $0635,X
5D22  BD 36 DA    LDA $DA36,X
5D25  9D 35 DA    STA $DA35,X
5D28  BD 37 06    LDA $0637,X
5D2B  9D 36 06    STA $0636,X
5D2E  BD 37 DA    LDA $DA37,X
5D31  9D 36 DA    STA $DA36,X
5D34  BD 38 06    LDA $0638,X
5D37  9D 37 06    STA $0637,X
5D3A  BD 38 DA    LDA $DA38,X
5D3D  9D 37 DA    STA $DA37,X
5D40  BD 39 06    LDA $0639,X
5D43  9D 38 06    STA $0638,X
5D46  BD 39 DA    LDA $DA39,X
5D49  9D 38 DA    STA $DA38,X
5D4C  E8          INX
5D4D  E8          INX
5D4E  E8          INX
5D4F  E8          INX
5D50  E0 20       CPX #$20
5D52  D0 C8       BNE runtime_map_scroll_left_row_0_14
5D54  A0 00       LDY #$00
5D56  B1 FB       LDA ($FB),Y
5D58  AA          TAX
5D59  BD FC 66    LDA asset_map_chars_0,X
5D5C  8D 55 06    STA $0655
5D5F  BD 01 67    LDA asset_map_colors_0,X
5D62  8D 55 DA    STA $DA55
5D65  18          CLC
5D66  A5 FB       LDA $FB
5D68  69 50       ADC #$50
5D6A  85 FB       STA $FB
5D6C  A5 FC       LDA $FC
5D6E  69 00       ADC #$00
5D70  85 FC       STA $FC
5D72  AD 5B 06    LDA $065B
5D75  8D 5A 06    STA $065A
5D78  AD 5B DA    LDA $DA5B
5D7B  8D 5A DA    STA $DA5A
5D7E  AD 5C 06    LDA $065C
5D81  8D 5B 06    STA $065B
5D84  AD 5C DA    LDA $DA5C
5D87  8D 5B DA    STA $DA5B
5D8A  AD 5D 06    LDA $065D
5D8D  8D 5C 06    STA $065C
5D90  AD 5D DA    LDA $DA5D
5D93  8D 5C DA    STA $DA5C
5D96  A2 00       LDX #$00
5D98        runtime_map_scroll_left_row_0_15:
5D98  BD 5E 06    LDA $065E,X
5D9B  9D 5D 06    STA $065D,X
5D9E  BD 5E DA    LDA $DA5E,X
5DA1  9D 5D DA    STA $DA5D,X
5DA4  BD 5F 06    LDA $065F,X
5DA7  9D 5E 06    STA $065E,X
5DAA  BD 5F DA    LDA $DA5F,X
5DAD  9D 5E DA    STA $DA5E,X
5DB0  BD 60 06    LDA $0660,X
5DB3  9D 5F 06    STA $065F,X
5DB6  BD 60 DA    LDA $DA60,X
5DB9  9D 5F DA    STA $DA5F,X
5DBC  BD 61 06    LDA $0661,X
5DBF  9D 60 06    STA $0660,X
5DC2  BD 61 DA    LDA $DA61,X
5DC5  9D 60 DA    STA $DA60,X
5DC8  E8          INX
5DC9  E8          INX
5DCA  E8          INX
5DCB  E8          INX
5DCC  E0 20       CPX #$20
5DCE  D0 C8       BNE runtime_map_scroll_left_row_0_15
5DD0  A0 00       LDY #$00
5DD2  B1 FB       LDA ($FB),Y
5DD4  AA          TAX
5DD5  BD FC 66    LDA asset_map_chars_0,X
5DD8  8D 7D 06    STA $067D
5DDB  BD 01 67    LDA asset_map_colors_0,X
5DDE  8D 7D DA    STA $DA7D
5DE1  18          CLC
5DE2  A5 FB       LDA $FB
5DE4  69 50       ADC #$50
5DE6  85 FB       STA $FB
5DE8  A5 FC       LDA $FC
5DEA  69 00       ADC #$00
5DEC  85 FC       STA $FC
5DEE  AD 83 06    LDA $0683
5DF1  8D 82 06    STA $0682
5DF4  AD 83 DA    LDA $DA83
5DF7  8D 82 DA    STA $DA82
5DFA  AD 84 06    LDA $0684
5DFD  8D 83 06    STA $0683
5E00  AD 84 DA    LDA $DA84
5E03  8D 83 DA    STA $DA83
5E06  AD 85 06    LDA $0685
5E09  8D 84 06    STA $0684
5E0C  AD 85 DA    LDA $DA85
5E0F  8D 84 DA    STA $DA84
5E12  A2 00       LDX #$00
5E14        runtime_map_scroll_left_row_0_16:
5E14  BD 86 06    LDA $0686,X
5E17  9D 85 06    STA $0685,X
5E1A  BD 86 DA    LDA $DA86,X
5E1D  9D 85 DA    STA $DA85,X
5E20  BD 87 06    LDA $0687,X
5E23  9D 86 06    STA $0686,X
5E26  BD 87 DA    LDA $DA87,X
5E29  9D 86 DA    STA $DA86,X
5E2C  BD 88 06    LDA $0688,X
5E2F  9D 87 06    STA $0687,X
5E32  BD 88 DA    LDA $DA88,X
5E35  9D 87 DA    STA $DA87,X
5E38  BD 89 06    LDA $0689,X
5E3B  9D 88 06    STA $0688,X
5E3E  BD 89 DA    LDA $DA89,X
5E41  9D 88 DA    STA $DA88,X
5E44  E8          INX
5E45  E8          INX
5E46  E8          INX
5E47  E8          INX
5E48  E0 20       CPX #$20
5E4A  D0 C8       BNE runtime_map_scroll_left_row_0_16
5E4C  A0 00       LDY #$00
5E4E  B1 FB       LDA ($FB),Y
5E50  AA          TAX
5E51  BD FC 66    LDA asset_map_chars_0,X
5E54  8D A5 06    STA $06A5
5E57  BD 01 67    LDA asset_map_colors_0,X
5E5A  8D A5 DA    STA $DAA5
5E5D  18          CLC
5E5E  A5 FB       LDA $FB
5E60  69 50       ADC #$50
5E62  85 FB       STA $FB
5E64  A5 FC       LDA $FC
5E66  69 00       ADC #$00
5E68  85 FC       STA $FC
5E6A  AD AB 06    LDA $06AB
5E6D  8D AA 06    STA $06AA
5E70  AD AB DA    LDA $DAAB
5E73  8D AA DA    STA $DAAA
5E76  AD AC 06    LDA $06AC
5E79  8D AB 06    STA $06AB
5E7C  AD AC DA    LDA $DAAC
5E7F  8D AB DA    STA $DAAB
5E82  AD AD 06    LDA $06AD
5E85  8D AC 06    STA $06AC
5E88  AD AD DA    LDA $DAAD
5E8B  8D AC DA    STA $DAAC
5E8E  A2 00       LDX #$00
5E90        runtime_map_scroll_left_row_0_17:
5E90  BD AE 06    LDA $06AE,X
5E93  9D AD 06    STA $06AD,X
5E96  BD AE DA    LDA $DAAE,X
5E99  9D AD DA    STA $DAAD,X
5E9C  BD AF 06    LDA $06AF,X
5E9F  9D AE 06    STA $06AE,X
5EA2  BD AF DA    LDA $DAAF,X
5EA5  9D AE DA    STA $DAAE,X
5EA8  BD B0 06    LDA $06B0,X
5EAB  9D AF 06    STA $06AF,X
5EAE  BD B0 DA    LDA $DAB0,X
5EB1  9D AF DA    STA $DAAF,X
5EB4  BD B1 06    LDA $06B1,X
5EB7  9D B0 06    STA $06B0,X
5EBA  BD B1 DA    LDA $DAB1,X
5EBD  9D B0 DA    STA $DAB0,X
5EC0  E8          INX
5EC1  E8          INX
5EC2  E8          INX
5EC3  E8          INX
5EC4  E0 20       CPX #$20
5EC6  D0 C8       BNE runtime_map_scroll_left_row_0_17
5EC8  A0 00       LDY #$00
5ECA  B1 FB       LDA ($FB),Y
5ECC  AA          TAX
5ECD  BD FC 66    LDA asset_map_chars_0,X
5ED0  8D CD 06    STA $06CD
5ED3  BD 01 67    LDA asset_map_colors_0,X
5ED6  8D CD DA    STA $DACD
5ED9  18          CLC
5EDA  A5 FB       LDA $FB
5EDC  69 50       ADC #$50
5EDE  85 FB       STA $FB
5EE0  A5 FC       LDA $FC
5EE2  69 00       ADC #$00
5EE4  85 FC       STA $FC
5EE6  AD D3 06    LDA $06D3
5EE9  8D D2 06    STA $06D2
5EEC  AD D3 DA    LDA $DAD3
5EEF  8D D2 DA    STA $DAD2
5EF2  AD D4 06    LDA $06D4
5EF5  8D D3 06    STA $06D3
5EF8  AD D4 DA    LDA $DAD4
5EFB  8D D3 DA    STA $DAD3
5EFE  AD D5 06    LDA $06D5
5F01  8D D4 06    STA $06D4
5F04  AD D5 DA    LDA $DAD5
5F07  8D D4 DA    STA $DAD4
5F0A  A2 00       LDX #$00
5F0C        runtime_map_scroll_left_row_0_18:
5F0C  BD D6 06    LDA $06D6,X
5F0F  9D D5 06    STA $06D5,X
5F12  BD D6 DA    LDA $DAD6,X
5F15  9D D5 DA    STA $DAD5,X
5F18  BD D7 06    LDA $06D7,X
5F1B  9D D6 06    STA $06D6,X
5F1E  BD D7 DA    LDA $DAD7,X
5F21  9D D6 DA    STA $DAD6,X
5F24  BD D8 06    LDA $06D8,X
5F27  9D D7 06    STA $06D7,X
5F2A  BD D8 DA    LDA $DAD8,X
5F2D  9D D7 DA    STA $DAD7,X
5F30  BD D9 06    LDA $06D9,X
5F33  9D D8 06    STA $06D8,X
5F36  BD D9 DA    LDA $DAD9,X
5F39  9D D8 DA    STA $DAD8,X
5F3C  E8          INX
5F3D  E8          INX
5F3E  E8          INX
5F3F  E8          INX
5F40  E0 20       CPX #$20
5F42  D0 C8       BNE runtime_map_scroll_left_row_0_18
5F44  A0 00       LDY #$00
5F46  B1 FB       LDA ($FB),Y
5F48  AA          TAX
5F49  BD FC 66    LDA asset_map_chars_0,X
5F4C  8D F5 06    STA $06F5
5F4F  BD 01 67    LDA asset_map_colors_0,X
5F52  8D F5 DA    STA $DAF5
5F55  18          CLC
5F56  A5 FB       LDA $FB
5F58  69 50       ADC #$50
5F5A  85 FB       STA $FB
5F5C  A5 FC       LDA $FC
5F5E  69 00       ADC #$00
5F60  85 FC       STA $FC
5F62  AD FB 06    LDA $06FB
5F65  8D FA 06    STA $06FA
5F68  AD FB DA    LDA $DAFB
5F6B  8D FA DA    STA $DAFA
5F6E  AD FC 06    LDA $06FC
5F71  8D FB 06    STA $06FB
5F74  AD FC DA    LDA $DAFC
5F77  8D FB DA    STA $DAFB
5F7A  AD FD 06    LDA $06FD
5F7D  8D FC 06    STA $06FC
5F80  AD FD DA    LDA $DAFD
5F83  8D FC DA    STA $DAFC
5F86  A2 00       LDX #$00
5F88        runtime_map_scroll_left_row_0_19:
5F88  BD FE 06    LDA $06FE,X
5F8B  9D FD 06    STA $06FD,X
5F8E  BD FE DA    LDA $DAFE,X
5F91  9D FD DA    STA $DAFD,X
5F94  BD FF 06    LDA $06FF,X
5F97  9D FE 06    STA $06FE,X
5F9A  BD FF DA    LDA $DAFF,X
5F9D  9D FE DA    STA $DAFE,X
5FA0  BD 00 07    LDA $0700,X
5FA3  9D FF 06    STA $06FF,X
5FA6  BD 00 DB    LDA $DB00,X
5FA9  9D FF DA    STA $DAFF,X
5FAC  BD 01 07    LDA $0701,X
5FAF  9D 00 07    STA $0700,X
5FB2  BD 01 DB    LDA $DB01,X
5FB5  9D 00 DB    STA $DB00,X
5FB8  E8          INX
5FB9  E8          INX
5FBA  E8          INX
5FBB  E8          INX
5FBC  E0 20       CPX #$20
5FBE  D0 C8       BNE runtime_map_scroll_left_row_0_19
5FC0  A0 00       LDY #$00
5FC2  B1 FB       LDA ($FB),Y
5FC4  AA          TAX
5FC5  BD FC 66    LDA asset_map_chars_0,X
5FC8  8D 1D 07    STA $071D
5FCB  BD 01 67    LDA asset_map_colors_0,X
5FCE  8D 1D DB    STA $DB1D
5FD1  60          RTS
            ; Map 0: shift Screen RAM and Color RAM one character right
5FD2        runtime_map_scroll_shift_right_0:
5FD2  AD 2D C1    LDA $C12D
5FD5  8D B2 C7    STA $C7B2
5FD8  AD 2F C1    LDA $C12F
5FDB  8D B3 C7    STA $C7B3
5FDE  20 78 65    JSR runtime_map_pointer_0
5FE1  AD 24 04    LDA $0424
5FE4  8D 25 04    STA $0425
5FE7  AD 24 D8    LDA $D824
5FEA  8D 25 D8    STA $D825
5FED  A2 21       LDX #$21
5FEF        runtime_map_scroll_right_row_0_0:
5FEF  BD 02 04    LDA $0402,X
5FF2  9D 03 04    STA $0403,X
5FF5  BD 02 D8    LDA $D802,X
5FF8  9D 03 D8    STA $D803,X
5FFB  CA          DEX
5FFC  BD 02 04    LDA $0402,X
5FFF  9D 03 04    STA $0403,X
6002  BD 02 D8    LDA $D802,X
6005  9D 03 D8    STA $D803,X
6008  CA          DEX
6009  10 E4       BPL runtime_map_scroll_right_row_0_0
600B  A0 00       LDY #$00
600D  B1 FB       LDA ($FB),Y
600F  AA          TAX
6010  BD FC 66    LDA asset_map_chars_0,X
6013  8D 02 04    STA $0402
6016  BD 01 67    LDA asset_map_colors_0,X
6019  8D 02 D8    STA $D802
601C  18          CLC
601D  A5 FB       LDA $FB
601F  69 50       ADC #$50
6021  85 FB       STA $FB
6023  A5 FC       LDA $FC
6025  69 00       ADC #$00
6027  85 FC       STA $FC
6029  AD 4C 04    LDA $044C
602C  8D 4D 04    STA $044D
602F  AD 4C D8    LDA $D84C
6032  8D 4D D8    STA $D84D
6035  A2 21       LDX #$21
6037        runtime_map_scroll_right_row_0_1:
6037  BD 2A 04    LDA $042A,X
603A  9D 2B 04    STA $042B,X
603D  BD 2A D8    LDA $D82A,X
6040  9D 2B D8    STA $D82B,X
6043  CA          DEX
6044  BD 2A 04    LDA $042A,X
6047  9D 2B 04    STA $042B,X
604A  BD 2A D8    LDA $D82A,X
604D  9D 2B D8    STA $D82B,X
6050  CA          DEX
6051  10 E4       BPL runtime_map_scroll_right_row_0_1
6053  A0 00       LDY #$00
6055  B1 FB       LDA ($FB),Y
6057  AA          TAX
6058  BD FC 66    LDA asset_map_chars_0,X
605B  8D 2A 04    STA $042A
605E  BD 01 67    LDA asset_map_colors_0,X
6061  8D 2A D8    STA $D82A
6064  18          CLC
6065  A5 FB       LDA $FB
6067  69 50       ADC #$50
6069  85 FB       STA $FB
606B  A5 FC       LDA $FC
606D  69 00       ADC #$00
606F  85 FC       STA $FC
6071  AD 74 04    LDA $0474
6074  8D 75 04    STA $0475
6077  AD 74 D8    LDA $D874
607A  8D 75 D8    STA $D875
607D  A2 21       LDX #$21
607F        runtime_map_scroll_right_row_0_2:
607F  BD 52 04    LDA $0452,X
6082  9D 53 04    STA $0453,X
6085  BD 52 D8    LDA $D852,X
6088  9D 53 D8    STA $D853,X
608B  CA          DEX
608C  BD 52 04    LDA $0452,X
608F  9D 53 04    STA $0453,X
6092  BD 52 D8    LDA $D852,X
6095  9D 53 D8    STA $D853,X
6098  CA          DEX
6099  10 E4       BPL runtime_map_scroll_right_row_0_2
609B  A0 00       LDY #$00
609D  B1 FB       LDA ($FB),Y
609F  AA          TAX
60A0  BD FC 66    LDA asset_map_chars_0,X
60A3  8D 52 04    STA $0452
60A6  BD 01 67    LDA asset_map_colors_0,X
60A9  8D 52 D8    STA $D852
60AC  18          CLC
60AD  A5 FB       LDA $FB
60AF  69 50       ADC #$50
60B1  85 FB       STA $FB
60B3  A5 FC       LDA $FC
60B5  69 00       ADC #$00
60B7  85 FC       STA $FC
60B9  AD 9C 04    LDA $049C
60BC  8D 9D 04    STA $049D
60BF  AD 9C D8    LDA $D89C
60C2  8D 9D D8    STA $D89D
60C5  A2 21       LDX #$21
60C7        runtime_map_scroll_right_row_0_3:
60C7  BD 7A 04    LDA $047A,X
60CA  9D 7B 04    STA $047B,X
60CD  BD 7A D8    LDA $D87A,X
60D0  9D 7B D8    STA $D87B,X
60D3  CA          DEX
60D4  BD 7A 04    LDA $047A,X
60D7  9D 7B 04    STA $047B,X
60DA  BD 7A D8    LDA $D87A,X
60DD  9D 7B D8    STA $D87B,X
60E0  CA          DEX
60E1  10 E4       BPL runtime_map_scroll_right_row_0_3
60E3  A0 00       LDY #$00
60E5  B1 FB       LDA ($FB),Y
60E7  AA          TAX
60E8  BD FC 66    LDA asset_map_chars_0,X
60EB  8D 7A 04    STA $047A
60EE  BD 01 67    LDA asset_map_colors_0,X
60F1  8D 7A D8    STA $D87A
60F4  18          CLC
60F5  A5 FB       LDA $FB
60F7  69 50       ADC #$50
60F9  85 FB       STA $FB
60FB  A5 FC       LDA $FC
60FD  69 00       ADC #$00
60FF  85 FC       STA $FC
6101  AD C4 04    LDA $04C4
6104  8D C5 04    STA $04C5
6107  AD C4 D8    LDA $D8C4
610A  8D C5 D8    STA $D8C5
610D  A2 21       LDX #$21
610F        runtime_map_scroll_right_row_0_4:
610F  BD A2 04    LDA $04A2,X
6112  9D A3 04    STA $04A3,X
6115  BD A2 D8    LDA $D8A2,X
6118  9D A3 D8    STA $D8A3,X
611B  CA          DEX
611C  BD A2 04    LDA $04A2,X
611F  9D A3 04    STA $04A3,X
6122  BD A2 D8    LDA $D8A2,X
6125  9D A3 D8    STA $D8A3,X
6128  CA          DEX
6129  10 E4       BPL runtime_map_scroll_right_row_0_4
612B  A0 00       LDY #$00
612D  B1 FB       LDA ($FB),Y
612F  AA          TAX
6130  BD FC 66    LDA asset_map_chars_0,X
6133  8D A2 04    STA $04A2
6136  BD 01 67    LDA asset_map_colors_0,X
6139  8D A2 D8    STA $D8A2
613C  18          CLC
613D  A5 FB       LDA $FB
613F  69 50       ADC #$50
6141  85 FB       STA $FB
6143  A5 FC       LDA $FC
6145  69 00       ADC #$00
6147  85 FC       STA $FC
6149  AD EC 04    LDA $04EC
614C  8D ED 04    STA $04ED
614F  AD EC D8    LDA $D8EC
6152  8D ED D8    STA $D8ED
6155  A2 21       LDX #$21
6157        runtime_map_scroll_right_row_0_5:
6157  BD CA 04    LDA $04CA,X
615A  9D CB 04    STA $04CB,X
615D  BD CA D8    LDA $D8CA,X
6160  9D CB D8    STA $D8CB,X
6163  CA          DEX
6164  BD CA 04    LDA $04CA,X
6167  9D CB 04    STA $04CB,X
616A  BD CA D8    LDA $D8CA,X
616D  9D CB D8    STA $D8CB,X
6170  CA          DEX
6171  10 E4       BPL runtime_map_scroll_right_row_0_5
6173  A0 00       LDY #$00
6175  B1 FB       LDA ($FB),Y
6177  AA          TAX
6178  BD FC 66    LDA asset_map_chars_0,X
617B  8D CA 04    STA $04CA
617E  BD 01 67    LDA asset_map_colors_0,X
6181  8D CA D8    STA $D8CA
6184  18          CLC
6185  A5 FB       LDA $FB
6187  69 50       ADC #$50
6189  85 FB       STA $FB
618B  A5 FC       LDA $FC
618D  69 00       ADC #$00
618F  85 FC       STA $FC
6191  AD 14 05    LDA $0514
6194  8D 15 05    STA $0515
6197  AD 14 D9    LDA $D914
619A  8D 15 D9    STA $D915
619D  A2 21       LDX #$21
619F        runtime_map_scroll_right_row_0_6:
619F  BD F2 04    LDA $04F2,X
61A2  9D F3 04    STA $04F3,X
61A5  BD F2 D8    LDA $D8F2,X
61A8  9D F3 D8    STA $D8F3,X
61AB  CA          DEX
61AC  BD F2 04    LDA $04F2,X
61AF  9D F3 04    STA $04F3,X
61B2  BD F2 D8    LDA $D8F2,X
61B5  9D F3 D8    STA $D8F3,X
61B8  CA          DEX
61B9  10 E4       BPL runtime_map_scroll_right_row_0_6
61BB  A0 00       LDY #$00
61BD  B1 FB       LDA ($FB),Y
61BF  AA          TAX
61C0  BD FC 66    LDA asset_map_chars_0,X
61C3  8D F2 04    STA $04F2
61C6  BD 01 67    LDA asset_map_colors_0,X
61C9  8D F2 D8    STA $D8F2
61CC  18          CLC
61CD  A5 FB       LDA $FB
61CF  69 50       ADC #$50
61D1  85 FB       STA $FB
61D3  A5 FC       LDA $FC
61D5  69 00       ADC #$00
61D7  85 FC       STA $FC
61D9  AD 3C 05    LDA $053C
61DC  8D 3D 05    STA $053D
61DF  AD 3C D9    LDA $D93C
61E2  8D 3D D9    STA $D93D
61E5  A2 21       LDX #$21
61E7        runtime_map_scroll_right_row_0_7:
61E7  BD 1A 05    LDA $051A,X
61EA  9D 1B 05    STA $051B,X
61ED  BD 1A D9    LDA $D91A,X
61F0  9D 1B D9    STA $D91B,X
61F3  CA          DEX
61F4  BD 1A 05    LDA $051A,X
61F7  9D 1B 05    STA $051B,X
61FA  BD 1A D9    LDA $D91A,X
61FD  9D 1B D9    STA $D91B,X
6200  CA          DEX
6201  10 E4       BPL runtime_map_scroll_right_row_0_7
6203  A0 00       LDY #$00
6205  B1 FB       LDA ($FB),Y
6207  AA          TAX
6208  BD FC 66    LDA asset_map_chars_0,X
620B  8D 1A 05    STA $051A
620E  BD 01 67    LDA asset_map_colors_0,X
6211  8D 1A D9    STA $D91A
6214  18          CLC
6215  A5 FB       LDA $FB
6217  69 50       ADC #$50
6219  85 FB       STA $FB
621B  A5 FC       LDA $FC
621D  69 00       ADC #$00
621F  85 FC       STA $FC
6221  AD 64 05    LDA $0564
6224  8D 65 05    STA $0565
6227  AD 64 D9    LDA $D964
622A  8D 65 D9    STA $D965
622D  A2 21       LDX #$21
622F        runtime_map_scroll_right_row_0_8:
622F  BD 42 05    LDA $0542,X
6232  9D 43 05    STA $0543,X
6235  BD 42 D9    LDA $D942,X
6238  9D 43 D9    STA $D943,X
623B  CA          DEX
623C  BD 42 05    LDA $0542,X
623F  9D 43 05    STA $0543,X
6242  BD 42 D9    LDA $D942,X
6245  9D 43 D9    STA $D943,X
6248  CA          DEX
6249  10 E4       BPL runtime_map_scroll_right_row_0_8
624B  A0 00       LDY #$00
624D  B1 FB       LDA ($FB),Y
624F  AA          TAX
6250  BD FC 66    LDA asset_map_chars_0,X
6253  8D 42 05    STA $0542
6256  BD 01 67    LDA asset_map_colors_0,X
6259  8D 42 D9    STA $D942
625C  18          CLC
625D  A5 FB       LDA $FB
625F  69 50       ADC #$50
6261  85 FB       STA $FB
6263  A5 FC       LDA $FC
6265  69 00       ADC #$00
6267  85 FC       STA $FC
6269  AD 8C 05    LDA $058C
626C  8D 8D 05    STA $058D
626F  AD 8C D9    LDA $D98C
6272  8D 8D D9    STA $D98D
6275  A2 21       LDX #$21
6277        runtime_map_scroll_right_row_0_9:
6277  BD 6A 05    LDA $056A,X
627A  9D 6B 05    STA $056B,X
627D  BD 6A D9    LDA $D96A,X
6280  9D 6B D9    STA $D96B,X
6283  CA          DEX
6284  BD 6A 05    LDA $056A,X
6287  9D 6B 05    STA $056B,X
628A  BD 6A D9    LDA $D96A,X
628D  9D 6B D9    STA $D96B,X
6290  CA          DEX
6291  10 E4       BPL runtime_map_scroll_right_row_0_9
6293  A0 00       LDY #$00
6295  B1 FB       LDA ($FB),Y
6297  AA          TAX
6298  BD FC 66    LDA asset_map_chars_0,X
629B  8D 6A 05    STA $056A
629E  BD 01 67    LDA asset_map_colors_0,X
62A1  8D 6A D9    STA $D96A
62A4  18          CLC
62A5  A5 FB       LDA $FB
62A7  69 50       ADC #$50
62A9  85 FB       STA $FB
62AB  A5 FC       LDA $FC
62AD  69 00       ADC #$00
62AF  85 FC       STA $FC
62B1  AD B4 05    LDA $05B4
62B4  8D B5 05    STA $05B5
62B7  AD B4 D9    LDA $D9B4
62BA  8D B5 D9    STA $D9B5
62BD  A2 21       LDX #$21
62BF        runtime_map_scroll_right_row_0_10:
62BF  BD 92 05    LDA $0592,X
62C2  9D 93 05    STA $0593,X
62C5  BD 92 D9    LDA $D992,X
62C8  9D 93 D9    STA $D993,X
62CB  CA          DEX
62CC  BD 92 05    LDA $0592,X
62CF  9D 93 05    STA $0593,X
62D2  BD 92 D9    LDA $D992,X
62D5  9D 93 D9    STA $D993,X
62D8  CA          DEX
62D9  10 E4       BPL runtime_map_scroll_right_row_0_10
62DB  A0 00       LDY #$00
62DD  B1 FB       LDA ($FB),Y
62DF  AA          TAX
62E0  BD FC 66    LDA asset_map_chars_0,X
62E3  8D 92 05    STA $0592
62E6  BD 01 67    LDA asset_map_colors_0,X
62E9  8D 92 D9    STA $D992
62EC  18          CLC
62ED  A5 FB       LDA $FB
62EF  69 50       ADC #$50
62F1  85 FB       STA $FB
62F3  A5 FC       LDA $FC
62F5  69 00       ADC #$00
62F7  85 FC       STA $FC
62F9  AD DC 05    LDA $05DC
62FC  8D DD 05    STA $05DD
62FF  AD DC D9    LDA $D9DC
6302  8D DD D9    STA $D9DD
6305  A2 21       LDX #$21
6307        runtime_map_scroll_right_row_0_11:
6307  BD BA 05    LDA $05BA,X
630A  9D BB 05    STA $05BB,X
630D  BD BA D9    LDA $D9BA,X
6310  9D BB D9    STA $D9BB,X
6313  CA          DEX
6314  BD BA 05    LDA $05BA,X
6317  9D BB 05    STA $05BB,X
631A  BD BA D9    LDA $D9BA,X
631D  9D BB D9    STA $D9BB,X
6320  CA          DEX
6321  10 E4       BPL runtime_map_scroll_right_row_0_11
6323  A0 00       LDY #$00
6325  B1 FB       LDA ($FB),Y
6327  AA          TAX
6328  BD FC 66    LDA asset_map_chars_0,X
632B  8D BA 05    STA $05BA
632E  BD 01 67    LDA asset_map_colors_0,X
6331  8D BA D9    STA $D9BA
6334  18          CLC
6335  A5 FB       LDA $FB
6337  69 50       ADC #$50
6339  85 FB       STA $FB
633B  A5 FC       LDA $FC
633D  69 00       ADC #$00
633F  85 FC       STA $FC
6341  AD 04 06    LDA $0604
6344  8D 05 06    STA $0605
6347  AD 04 DA    LDA $DA04
634A  8D 05 DA    STA $DA05
634D  A2 21       LDX #$21
634F        runtime_map_scroll_right_row_0_12:
634F  BD E2 05    LDA $05E2,X
6352  9D E3 05    STA $05E3,X
6355  BD E2 D9    LDA $D9E2,X
6358  9D E3 D9    STA $D9E3,X
635B  CA          DEX
635C  BD E2 05    LDA $05E2,X
635F  9D E3 05    STA $05E3,X
6362  BD E2 D9    LDA $D9E2,X
6365  9D E3 D9    STA $D9E3,X
6368  CA          DEX
6369  10 E4       BPL runtime_map_scroll_right_row_0_12
636B  A0 00       LDY #$00
636D  B1 FB       LDA ($FB),Y
636F  AA          TAX
6370  BD FC 66    LDA asset_map_chars_0,X
6373  8D E2 05    STA $05E2
6376  BD 01 67    LDA asset_map_colors_0,X
6379  8D E2 D9    STA $D9E2
637C  18          CLC
637D  A5 FB       LDA $FB
637F  69 50       ADC #$50
6381  85 FB       STA $FB
6383  A5 FC       LDA $FC
6385  69 00       ADC #$00
6387  85 FC       STA $FC
6389  AD 2C 06    LDA $062C
638C  8D 2D 06    STA $062D
638F  AD 2C DA    LDA $DA2C
6392  8D 2D DA    STA $DA2D
6395  A2 21       LDX #$21
6397        runtime_map_scroll_right_row_0_13:
6397  BD 0A 06    LDA $060A,X
639A  9D 0B 06    STA $060B,X
639D  BD 0A DA    LDA $DA0A,X
63A0  9D 0B DA    STA $DA0B,X
63A3  CA          DEX
63A4  BD 0A 06    LDA $060A,X
63A7  9D 0B 06    STA $060B,X
63AA  BD 0A DA    LDA $DA0A,X
63AD  9D 0B DA    STA $DA0B,X
63B0  CA          DEX
63B1  10 E4       BPL runtime_map_scroll_right_row_0_13
63B3  A0 00       LDY #$00
63B5  B1 FB       LDA ($FB),Y
63B7  AA          TAX
63B8  BD FC 66    LDA asset_map_chars_0,X
63BB  8D 0A 06    STA $060A
63BE  BD 01 67    LDA asset_map_colors_0,X
63C1  8D 0A DA    STA $DA0A
63C4  18          CLC
63C5  A5 FB       LDA $FB
63C7  69 50       ADC #$50
63C9  85 FB       STA $FB
63CB  A5 FC       LDA $FC
63CD  69 00       ADC #$00
63CF  85 FC       STA $FC
63D1  AD 54 06    LDA $0654
63D4  8D 55 06    STA $0655
63D7  AD 54 DA    LDA $DA54
63DA  8D 55 DA    STA $DA55
63DD  A2 21       LDX #$21
63DF        runtime_map_scroll_right_row_0_14:
63DF  BD 32 06    LDA $0632,X
63E2  9D 33 06    STA $0633,X
63E5  BD 32 DA    LDA $DA32,X
63E8  9D 33 DA    STA $DA33,X
63EB  CA          DEX
63EC  BD 32 06    LDA $0632,X
63EF  9D 33 06    STA $0633,X
63F2  BD 32 DA    LDA $DA32,X
63F5  9D 33 DA    STA $DA33,X
63F8  CA          DEX
63F9  10 E4       BPL runtime_map_scroll_right_row_0_14
63FB  A0 00       LDY #$00
63FD  B1 FB       LDA ($FB),Y
63FF  AA          TAX
6400  BD FC 66    LDA asset_map_chars_0,X
6403  8D 32 06    STA $0632
6406  BD 01 67    LDA asset_map_colors_0,X
6409  8D 32 DA    STA $DA32
640C  18          CLC
640D  A5 FB       LDA $FB
640F  69 50       ADC #$50
6411  85 FB       STA $FB
6413  A5 FC       LDA $FC
6415  69 00       ADC #$00
6417  85 FC       STA $FC
6419  AD 7C 06    LDA $067C
641C  8D 7D 06    STA $067D
641F  AD 7C DA    LDA $DA7C
6422  8D 7D DA    STA $DA7D
6425  A2 21       LDX #$21
6427        runtime_map_scroll_right_row_0_15:
6427  BD 5A 06    LDA $065A,X
642A  9D 5B 06    STA $065B,X
642D  BD 5A DA    LDA $DA5A,X
6430  9D 5B DA    STA $DA5B,X
6433  CA          DEX
6434  BD 5A 06    LDA $065A,X
6437  9D 5B 06    STA $065B,X
643A  BD 5A DA    LDA $DA5A,X
643D  9D 5B DA    STA $DA5B,X
6440  CA          DEX
6441  10 E4       BPL runtime_map_scroll_right_row_0_15
6443  A0 00       LDY #$00
6445  B1 FB       LDA ($FB),Y
6447  AA          TAX
6448  BD FC 66    LDA asset_map_chars_0,X
644B  8D 5A 06    STA $065A
644E  BD 01 67    LDA asset_map_colors_0,X
6451  8D 5A DA    STA $DA5A
6454  18          CLC
6455  A5 FB       LDA $FB
6457  69 50       ADC #$50
6459  85 FB       STA $FB
645B  A5 FC       LDA $FC
645D  69 00       ADC #$00
645F  85 FC       STA $FC
6461  AD A4 06    LDA $06A4
6464  8D A5 06    STA $06A5
6467  AD A4 DA    LDA $DAA4
646A  8D A5 DA    STA $DAA5
646D  A2 21       LDX #$21
646F        runtime_map_scroll_right_row_0_16:
646F  BD 82 06    LDA $0682,X
6472  9D 83 06    STA $0683,X
6475  BD 82 DA    LDA $DA82,X
6478  9D 83 DA    STA $DA83,X
647B  CA          DEX
647C  BD 82 06    LDA $0682,X
647F  9D 83 06    STA $0683,X
6482  BD 82 DA    LDA $DA82,X
6485  9D 83 DA    STA $DA83,X
6488  CA          DEX
6489  10 E4       BPL runtime_map_scroll_right_row_0_16
648B  A0 00       LDY #$00
648D  B1 FB       LDA ($FB),Y
648F  AA          TAX
6490  BD FC 66    LDA asset_map_chars_0,X
6493  8D 82 06    STA $0682
6496  BD 01 67    LDA asset_map_colors_0,X
6499  8D 82 DA    STA $DA82
649C  18          CLC
649D  A5 FB       LDA $FB
649F  69 50       ADC #$50
64A1  85 FB       STA $FB
64A3  A5 FC       LDA $FC
64A5  69 00       ADC #$00
64A7  85 FC       STA $FC
64A9  AD CC 06    LDA $06CC
64AC  8D CD 06    STA $06CD
64AF  AD CC DA    LDA $DACC
64B2  8D CD DA    STA $DACD
64B5  A2 21       LDX #$21
64B7        runtime_map_scroll_right_row_0_17:
64B7  BD AA 06    LDA $06AA,X
64BA  9D AB 06    STA $06AB,X
64BD  BD AA DA    LDA $DAAA,X
64C0  9D AB DA    STA $DAAB,X
64C3  CA          DEX
64C4  BD AA 06    LDA $06AA,X
64C7  9D AB 06    STA $06AB,X
64CA  BD AA DA    LDA $DAAA,X
64CD  9D AB DA    STA $DAAB,X
64D0  CA          DEX
64D1  10 E4       BPL runtime_map_scroll_right_row_0_17
64D3  A0 00       LDY #$00
64D5  B1 FB       LDA ($FB),Y
64D7  AA          TAX
64D8  BD FC 66    LDA asset_map_chars_0,X
64DB  8D AA 06    STA $06AA
64DE  BD 01 67    LDA asset_map_colors_0,X
64E1  8D AA DA    STA $DAAA
64E4  18          CLC
64E5  A5 FB       LDA $FB
64E7  69 50       ADC #$50
64E9  85 FB       STA $FB
64EB  A5 FC       LDA $FC
64ED  69 00       ADC #$00
64EF  85 FC       STA $FC
64F1  AD F4 06    LDA $06F4
64F4  8D F5 06    STA $06F5
64F7  AD F4 DA    LDA $DAF4
64FA  8D F5 DA    STA $DAF5
64FD  A2 21       LDX #$21
64FF        runtime_map_scroll_right_row_0_18:
64FF  BD D2 06    LDA $06D2,X
6502  9D D3 06    STA $06D3,X
6505  BD D2 DA    LDA $DAD2,X
6508  9D D3 DA    STA $DAD3,X
650B  CA          DEX
650C  BD D2 06    LDA $06D2,X
650F  9D D3 06    STA $06D3,X
6512  BD D2 DA    LDA $DAD2,X
6515  9D D3 DA    STA $DAD3,X
6518  CA          DEX
6519  10 E4       BPL runtime_map_scroll_right_row_0_18
651B  A0 00       LDY #$00
651D  B1 FB       LDA ($FB),Y
651F  AA          TAX
6520  BD FC 66    LDA asset_map_chars_0,X
6523  8D D2 06    STA $06D2
6526  BD 01 67    LDA asset_map_colors_0,X
6529  8D D2 DA    STA $DAD2
652C  18          CLC
652D  A5 FB       LDA $FB
652F  69 50       ADC #$50
6531  85 FB       STA $FB
6533  A5 FC       LDA $FC
6535  69 00       ADC #$00
6537  85 FC       STA $FC
6539  AD 1C 07    LDA $071C
653C  8D 1D 07    STA $071D
653F  AD 1C DB    LDA $DB1C
6542  8D 1D DB    STA $DB1D
6545  A2 21       LDX #$21
6547        runtime_map_scroll_right_row_0_19:
6547  BD FA 06    LDA $06FA,X
654A  9D FB 06    STA $06FB,X
654D  BD FA DA    LDA $DAFA,X
6550  9D FB DA    STA $DAFB,X
6553  CA          DEX
6554  BD FA 06    LDA $06FA,X
6557  9D FB 06    STA $06FB,X
655A  BD FA DA    LDA $DAFA,X
655D  9D FB DA    STA $DAFB,X
6560  CA          DEX
6561  10 E4       BPL runtime_map_scroll_right_row_0_19
6563  A0 00       LDY #$00
6565  B1 FB       LDA ($FB),Y
6567  AA          TAX
6568  BD FC 66    LDA asset_map_chars_0,X
656B  8D FA 06    STA $06FA
656E  BD 01 67    LDA asset_map_colors_0,X
6571  8D FA DA    STA $DAFA
6574  60          RTS
            ; Dynamic map 0: redraw visible cells from runtime RAM
6575        runtime_map_redraw_0:
6575  4C CB 55    JMP runtime_map_viewport_0
6578        runtime_map_pointer_0:
6578  AC B3 C7    LDY $C7B3
657B  18          CLC
657C  B9 8E 65    LDA runtime_map_row_lo_0,Y
657F  6D B2 C7    ADC $C7B2
6582  85 FB       STA $FB
6584  B9 AC 65    LDA runtime_map_row_hi_0,Y
6587  69 00       ADC #$00
6589  85 FC       STA $FC
658B  A0 00       LDY #$00
658D  60          RTS
658E        runtime_map_row_lo_0:
658E  00 50 A0 F0 40 90 E0 30 80 D0 20 70 C0 10 60 B0 00 50 A0 F0 40 90 E0 30 80 D0 20 70 C0 10 .byte $00, $50, $A0, $F0, $40, $90, $E0, $30, $80, $D0, $20, $70, $C0, $10, $60, $B0, $00, $50, $A0, $F0, $40, $90, $E0, $30, $80, $D0, $20, $70, $C0, $10
65AC        runtime_map_row_hi_0:
65AC  80 80 80 80 81 81 81 82 82 82 83 83 83 84 84 84 85 85 85 85 86 86 86 87 87 87 88 88 88 89 .byte $80, $80, $80, $80, $81, $81, $81, $82, $82, $82, $83, $83, $83, $84, $84, $84, $85, $85, $85, $85, $86, $86, $86, $87, $87, $87, $88, $88, $88, $89
            ; String pool
65CA        str_screen_0:
65CA  10 0C 01 14 06 0F 12 0D 05 12 20 0D 09 0E 09 20 20 13 03 0F 12 05 20 30 00 .byte $10, $0C, $01, $14, $06, $0F, $12, $0D, $05, $12, $20, $0D, $09, $0E, $09, $20, $20, $13, $03, $0F, $12, $05, $20, $30, $00
65E3        str_screen_1:
65E3  0A 0F 19 32 3A 20 0D 0F 16 05 20 2F 20 06 09 12 05 3A 20 0A 15 0D 10 00 .byte $0A, $0F, $19, $32, $3A, $20, $0D, $0F, $16, $05, $20, $2F, $20, $06, $09, $12, $05, $3A, $20, $0A, $15, $0D, $10, $00
            ; User data
65FB        sprite_frames_platformerActors_0:
65FB  00 18 00 00 3C 00 00 7E 00 00 DB 00 01 FF 80 03 FF C0 03 3C C0 03 7E C0 03 FF C0 01 FF 80 00 7E 00 00 3C 00 00 66 00 00 C3 00 01 81 80 03 00 C0 06 00 60 0C 00 30 18 00 18 30 00 0C 60 00 06 .byte $00, $18, $00, $00, $3C, $00, $00, $7E, $00, $00, $DB, $00, $01, $FF, $80, $03, $FF, $C0, $03, $3C, $C0, $03, $7E, $C0, $03, $FF, $C0, $01, $FF, $80, $00, $7E, $00, $00, $3C, $00, $00, $66, $00, $00, $C3, $00, $01, $81, $80, $03, $00, $C0, $06, $00, $60, $0C, $00, $30, $18, $00, $18, $30, $00, $0C, $60, $00, $06
663A        sprite_frames_platformerActors_1:
663A  00 18 00 00 3C 00 00 7E 00 00 DB 00 01 FF 80 03 FF C0 03 3C C0 03 7E C0 03 FF C0 01 FF 80 00 7E 00 00 3C 00 00 66 00 00 C3 00 01 81 80 03 00 C0 06 00 60 18 00 18 30 00 0C 60 00 06 30 00 0C .byte $00, $18, $00, $00, $3C, $00, $00, $7E, $00, $00, $DB, $00, $01, $FF, $80, $03, $FF, $C0, $03, $3C, $C0, $03, $7E, $C0, $03, $FF, $C0, $01, $FF, $80, $00, $7E, $00, $00, $3C, $00, $00, $66, $00, $00, $C3, $00, $01, $81, $80, $03, $00, $C0, $06, $00, $60, $18, $00, $18, $30, $00, $0C, $60, $00, $06, $30, $00, $0C
6679        sprite_frames_platformerEnemy_0:
6679  00 00 00 00 7E 00 01 FF 80 03 FF C0 07 E7 E0 07 E7 E0 07 FF E0 07 7E E0 07 FF E0 03 FF C0 01 FF 80 00 FF 00 01 BD 80 03 18 C0 06 18 60 0C 18 30 18 18 18 30 18 0C 60 18 06 60 00 06 00 00 00 .byte $00, $00, $00, $00, $7E, $00, $01, $FF, $80, $03, $FF, $C0, $07, $E7, $E0, $07, $E7, $E0, $07, $FF, $E0, $07, $7E, $E0, $07, $FF, $E0, $03, $FF, $C0, $01, $FF, $80, $00, $FF, $00, $01, $BD, $80, $03, $18, $C0, $06, $18, $60, $0C, $18, $30, $18, $18, $18, $30, $18, $0C, $60, $18, $06, $60, $00, $06, $00, $00, $00
66B8        sprite_frames_platformerCoin_0:
66B8  00 00 00 00 00 00 00 18 00 00 3C 00 00 7E 00 00 66 00 00 66 00 00 66 00 00 66 00 00 7E 00 00 3C 00 00 18 00 00 00 00 00 00 00 00 00 00 00 00 00 00 00 00 00 00 00 00 00 00 00 00 00 00 00 00 .byte $00, $00, $00, $00, $00, $00, $00, $18, $00, $00, $3C, $00, $00, $7E, $00, $00, $66, $00, $00, $66, $00, $00, $66, $00, $00, $66, $00, $00, $7E, $00, $00, $3C, $00, $00, $18, $00, $00, $00, $00, $00, $00, $00, $00, $00, $00, $00, $00, $00, $00, $00, $00, $00, $00, $00, $00, $00, $00, $00, $00, $00, $00, $00, $00
66F7        asset_map_collisions_0:
66F7  00 01 02 03 04 .byte $00, $01, $02, $03, $04
66FC        asset_map_chars_0:
66FC  20 A0 56 5E 48 .byte $20, $A0, $56, $5E, $48
6701        asset_map_colors_0:
6701  00 0E 02 05 07 .byte $00, $0E, $02, $05, $07
6706        asset_rle_1:
6706  FF 00 01 00 .byte $FF, $00, $01, $00
670A        asset_rle_3:
670A  85 00 07 01 74 00 .byte $85, $00, $07, $01, $74, $00
6710        asset_rle_5:
6710  1A 00 07 01 3B 00 06 01 9E 00 .byte $1A, $00, $07, $01, $3B, $00, $06, $01, $9E, $00
671A        asset_rle_7:
671A  1D 00 01 03 2A 00 0D 01 03 02 18 01 90 00 .byte $1D, $00, $01, $03, $2A, $00, $0D, $01, $03, $02, $18, $01, $90, $00
6728        asset_rle_9:
6728  4D 00 06 01 47 00 01 04 2D 00 07 01 1B 00 01 04 15 00 .byte $4D, $00, $06, $01, $47, $00, $01, $04, $2D, $00, $07, $01, $1B, $00, $01, $04, $15, $00
673A        asset_rle_11:
673A  31 00 07 01 02 00 01 04 1E 00 06 01 2B 00 01 04 0C 00 06 01 26 00 05 01 12 00 01 04 25 00 .byte $31, $00, $07, $01, $02, $00, $01, $04, $1E, $00, $06, $01, $2B, $00, $01, $04, $0C, $00, $06, $01, $26, $00, $05, $01, $12, $00, $01, $04, $25, $00
6758        asset_rle_13:
6758  16 00 01 03 13 00 01 04 15 00 11 01 04 02 15 01 04 02 22 01 70 00 .byte $16, $00, $01, $03, $13, $00, $01, $04, $15, $00, $11, $01, $04, $02, $15, $01, $04, $02, $22, $01, $70, $00
676E        asset_rle_17:
676E  60 00       .byte $60, $00
6770        sprite_sequence_0_idle-right:
6770  A0          .byte $A0
6771        sprite_sequence_0_idle-left:
6771  A0          .byte $A0
6772        sprite_sequence_0_run-right:
6772  A0 A1       .byte $A0, $A1
6774        sprite_sequence_0_run-left:
6774  A1 A0       .byte $A1, $A0
6776        sprite_sequence_0_jump-right:
6776  A1          .byte $A1
6777        sprite_sequence_0_jump-left:
6777  A1          .byte $A1
6778        sprite_sequence_1_enemy:
6778  A2          .byte $A2
6779        sprite_sequence_8_coin:
6779  A3          .byte $A3
